Cleaned_Tweet,Class
لاہور جانوروں کا گوشت بھی قبضہ میں لے لیا گیا,N
کلاسک ویڈیو گیم کی شکل میں بنایا گیا منفرد کیک نیویارک کیک خواہ سالگرہ کا ہویا کسی اور,P
دبئی چوتھے دن کا کھیل ختم آسٹریلیا کے رنز کھلاڑی آئوٹ,P
نئے صوبے کا قیام انتظامی بنیادوں پہ ہونا چاہیئے لسانی بنیادوں پہ نہیں,P
اسلام آباد خورشید شاہ کے بیان پرانھیں وضاحت کا موقع دیا جانا چاہیے حافظ طاہر اشرفی,P
اسلام آباد مولانا فضل الرحمان پر حملے کے خلاف کل ملک بھر میں یوم مذمت منایا جائے گا علامہ محمد احمد لدھیانوی,N
مجاہد اعظم مولانا غلام اعظم نے اپنی جوانی سے بڑھا پے تک صبر عزمیت اور مسلسل جدوجہد کی تاریخ رقم کر دی اس,P
سیالکوٹ ہندوستانی فورسز کی بلا اشتعال فائرنگ پاکستان کے صوبہ پنجاب کے شہر سیالکوٹ کی ورکنگ,N
مہاجر اپنے حصے کا پاکستان ساتھ لیکر آئے تھے خواجہ اظہار الحسن العجب,P
ﻋﺎﻟﻤﯽ ﺍﺳﺘﻌﻤﺎﺭ ﺍﻣﺮﯾﮑﺎ ﻭ ﺍﺳﺮﺍﺋﯿﻞ ﺍﻭﺭﺍ ﻧﮑﮯ ﻧﻤﮏ ﺧﻮﺍﺭ ﺳﻌﻮﺩﯼ ﻋﺮﺏ ﮐﮯ ﺳﯿﻨﮯﻣﯿﮟ ﺧﻨﺠﺮ ﮐﯽ ﻣﺎﻧﻨﺪ ﻣﺎﮦ ﻣﺤﺮﻡ ﺻﻔﺮﺍﻭﺭ ﺭﺑﯿﻊ ﺍﻻﻭﻝ,N
کراچی میں تمام نیوز چینل کی بندشایم کیو ایم اور پاکستان مسلم لیگ زندہ بادپاکستان ملک ہے شہنشاہوں کا بدمعاشوں کا,N
دنیا کے ایک بہترین مسلم خلیفہ کی اپنے بچوں کو نصیحت مولانا طارق جمیل صاحب,P
خاتو ن جج کو کمرہ عدالت میں کرکٹ سیکھنی پڑگئی,P
چندہ نہ دینے والے جانور ہوتے ہیں بالوزن جو سیاسی نہیں ہوتا وہ جانور ہوتاہے فرمودات فریڈرک عمران اینجلز خان,N
دبئی ٹیسٹ پاکستان کے خلاف آسٹریلیا کی آٹھویں وکٹ رنز پر گر گئی,N
ڈیزل خان نے تمبو میں اکیلا رہنے کی پیشن گوئی کر دی ناکام ڈیزل خان,P
کیا اس سے زیادہ بھی تماشے کی تمنا ھے تمھیں,P
کشمیر کی صورتحال اقوام متحدہ بھی خاموش نہ رہ سکا بھارت کا سخت جواب,N
سالا چوتیا,N
وہ میری آخری سرحد ہو جیسے سوچ جاتی ہی نہیں اب ا س سے آگے,N
میں آپکی بات سے اتفاق کرتا ہوں لیکن میں سب کی رائے لینا اور سننا پسند کرتا ہوں ایک عادی بھائی ہیں کبھی کام کی بات نئ کی پ سنتا,P
سندھ میں پیپلز پارٹی کی شان دار کارکردگی کب ہمیں زندہ لوگوں کا احساس ہو گا,P
لاہور انٹری ٹیسٹ کو ختم نہیں کیا معاملہ زیر غور ہے صوبائی وزیر رانا مشہود,P
قادری کے اعلان کے بعد دھرنے کے آخری مناظر چند لمحات پہلے لی گئی کچھ تصاویر,P
اسلام آباد ملزم کا ایک ساتھی فرار ہوگیا کسی کارکن پر حملہ ہوا تو شدید ردعمل ہو گا رشید گوڈیل,N
رقص کرنا ہے تو پھر پاؤں کی زنجیر نہ دیکھشاہ,N
محرم الحرام کا چاند نظر آ گیا یوم عاشورہ چار نومبر کو ہوگا,P
عشق کے روگ مار دیتے ھیں,N
جناب اسپیکر آج سے نون لیگ کو منافق لیگ کا نام دیا جائے کیونکہ نون لیگ نے سچ تو کبھی بولنا نہیں,N
انقلاب کی لغت میں مایوسی اور بے یقینی نہیں ہوتی ڈاکٹر طاہر القادری انقلاب ا نے کو ہے,P
وینا ملک کا بیٹا سوشل میڈیا پر مقبولیت میں شلپا شیٹھی کے بیٹے سے آگے کراچی وینا ملک کے بیٹے ابرام خان,P
جو چیز ﷲ نہ دے بندوں سے نہیں مانگنا چاہیے,P
ح قے کی انگلش کیا ہے ساتھ یہ بھی بتائیے کہ گٹکے کو انگلش میں کیا کہتے ہیں,N
غم کے لاکھوں دکانداروں سے اک تبسم فروش بہتر ہے,P
اسلام آباد اور پشاور میں محرم الحرام کا چاند نظر اگیا هے تمام اھل اسلام کو نیا سال مبارک ھو,P
ﻭﮦ ﭼﺸﻢ ﻓﺘﻨﮧ ﮔﺮ ﮨﮯ ﺳﺎﻗﯽﺀ ﻣﯿﺨﺎﻧﮧ ﺑﺮﺳﻮﮞ ﺳﮯﮐﮧ ﺑﺎﮨﻢ ﻟﮍ ﺭﮨﮯ ﮨﯿﮟ ﺷﯿﺸﮧ ﻭ ﭘﯿﻤﺎﻧﮧ ﺑﺮﺳﻮﮞ ﺳﮯﺍﻗﺒﺎﻝ ﺳﮩﯿﻞ,N
جلسے کی ناکامی کا غصه جیو نیوز کے نمائیندے پر اسکا کیمره توڑ کر نکالا گیا خان جی آپ حقیقت چھپا نھی سکتے,N
تہذیب سکھاتی ہے جینے کا سلیقہ تعلیم سے جاہل کی جہالت نہیں جاتی کچھ دوغلے لوگوں کے نام,P
سات سمندر پار میں تیرے پیچھے پیچھے آگیا,P
منافق کی تین نشانیاں ہیں جب بات کرے توجھوٹ بولے جب وعدہ کرے تواس کی خلاف ورزی کرے اور جب امانت رکھوائی جائے تواس میں خیانت کرے بخاری,N
بریکنگ کراچی ایدھی سنٹر ڈکیتی کے مرکزی ملزم مظہرکی نشاندہی پر پولیس کے چھاپے,N
جناب اسپیکرلاہور میٹرو بس منصوبہ ایک ارب کروڑ لاکھ روپے سالانہ خسارے میں چل رہا ہے دستاویز,N
اداکارہ سدرہ نور بھی رشتہ ازدواج میں منسلک ہوگئیں,P
اجیاکلکم واوا اے اودر تیان مارن لگا واں,P
فلسفہ محبت کی تقریب رونمائی براہ راست نشر کیوں نہیں کی,N
نورا اپنے رشتے دار پر سوار,N
تہمتیں تو لگتی ہیں روشنی کی خواہش میں گھر سے باہر آنے کی ک چھ سزا تو ملتی ہے لوگ لوگ ہوتے ان کو کیا خبر جاناں,P
تھرپارکر میں دنوں میں بچے غذائی قلت سے جاں بحق سندھ حکومت غافل,N
دانستہ چھوڑ جاؤں گا میدان اور ت مہارے ہوئے رہو گے اگر جیت بھی گئے,P
وہ چلاجائے ہم آجائیں دھرنے والوں کیلئے یہی تبدیلی ہے حاصل بزنجو,N
پاکستان مسلم لیگ ن کا یہ انتخابی ترانہ,P
لبرل اس لئے بنتے ہیں کہ یہاں اقلیت میں ہیں اکثریت میں ھوتے ایران عراق شام کی طرح تو عمر عثمان عائشہ نام رکھنے پر لٹکا دیتے,P
قرض اتارو ملک سنوارو میں غریب کی شلوار تک اتر گئی مگر قرض مزید بڑھ گیا,N
سر جی یہ عقل و دانش کا سمندر ھم ڈنمارک یا فرانس کو برآمد کر دیتے ہیں وہ بیچارے بھی اس سے مستفید ہو سکے ڈیموکریسی زندہ باد,P
دبئی ٹیسٹ پر پاکستان کی گرفت مضبوط,N
اوئے ے ے ے ڈڈو پھر آ گیا تو ھمارے گھر لڑائی پڑوانے,N
اے آروائی اربوں خرچ کرکے بھی اتنی پبلیسٹی حاصل نہیں کرسکتاتھاجتنی لوھارراج کے شاہ لوہا نواز اسے بند کرکے دے رھے ھیں,N
سارے پاکستا کو پتا ھے دونوں بڑی پارٹیاں مل کر کس طرح پاکستان پر زبردستی قابض ھیں اب پولیس عوام کے حقوق صلب جرتی ھے پیمرا نیپرا نادرا نو میرٹ,N
مریم نواز نے کہا کہ استعفی مانگنے والے اب چندہ مانگ رہے ہیں واقعی اگر عمران نے بھی نواز کی طرح منی لانڈرنگ کی ہوتی تو چندہ نہ مانگ رہا ہوتا,N
جس کام کے بارے میں آپ سوچنا نہیں چھوڑ سکتے اس کام کو پایہ تکمیل تک پہنچانے کیلئے کوشش کرنا بھی نہ چھوڑیئے,N
یاسرٹھیک ھے ذوالفقار کے پلے کچھ نہیں ایجڈ بھی ھے فاسٹ بالروں کاتواللہ ھی حافظ ھے,N
سائن آوٹ کرو اور کوئی اچھی سی کتاب پڑھو آپ زیادہ آوٹنگ نہیں کرتے شائد ٹویٹر سے باھر بھی نکلا کرو,P
تئیس اکتوبر کو عوامی تحریک کے جلسے کے لیے ایبٹ آبادجاؤں گا طاہر القادری,P
رانا مشہود نہیں رانا مشکوک,N
وقت کا تقاضا ہے کہ وسائل کی منصفانہ تقسیم کے لیے انتظامی بنیادوں پر صوبے بنائے جائیں انھیں مالی وسیاسی اختیارات دئے جائیں وفاق مشترکہ وحدت بنے,P
حکومتوں سے الگ ہونے کا فیصلہ حتمی ہے رہنما ایم کیوایم فاروق ستار,N
احتجاج احتجاج احتجاج مہاجر قوم اپنی نسلوں کی بقا کيلئے گھروں سے باہر نکليں کليم الطافی,N
گھر سے استنجا اور وضو کر کے مسجد آنا احادیث مبارکہ سے یہ ثابت ھوتا ھے کہ وضو اور استنجا گھر سے کرکے جانا,P
اپنے عزیزوں کو نشے کی لعنت سے بچائیں,P
ہاہاہا ہزارہ تو کھڑا ہے کیا حضرت صاب بھی کھڑے ہیں یا انہیں بھی ر لانے کا پلان ہے,N
چلو کوئ نہیں پٹوارہوں سے خود تو کچھ ہوتا نہیں ہماری وجہ سے تھوڑی دیر خوش ہونے دو,P
پارلیمنٹ صوبائی اسمبلیاں وفاقی اور صوبائی حکومتیں عوام کی پریشانیوں اور معاشرے کی بدترین ٹوٹ پھوٹ سے بے خبر ہیں,N
لاہور پیپر ری چیکننگ کی چار ہزار پانچ سو درخواستیں موصول ہوئے ہیں لاہور بورڈ,N
کوئی بھی شخص اس غلط فہمی میں نہ رہے,P
لاہور بادامی باغ سے مردہ جانوروں کا گوشت پکڑا گیا دو افراد گرفتارلاہور تاندلیانوالہ نیوز سے لاہور میں مردہ,N
مشرف کے دوست شیرافگن نے کہا تھا کہ فضل الرحمن کواس شرط پر اپوزیشن لیڈر بنایا گیا تھا کہ وہ مشرف کی پالیسیوں کی حمایت کریں گے ڈیزل کی اصلیت,P
سال بعد مگر انصاف مل گیادہلی کی ایک عدالت نے اجتماعی ریپ کیس کے تمام پانچ قصورواروں کو عمر قید کی سزا سنائی ہے,P
گلی گلی نگر نگر عمر عمر سیدنا عمر فاروق رضی اللہ تعالی عنہگلی گلی نگر نگر عمر عمر سیدنا عمر فاروق رضی اللہ تعالی عنہ,P
ایم کیو ایم کو منانے کی کوئی کوشش نہیں کی رحمان ملکگویا اس بار خود ہی ذلیل ہو کہ واپس آ جاویں گے جیسے طاھرکینیڈوی ذلیل و رسوا ہو کہ آ گئے,N
اے شفقت اے ھن جناب دیناراض نا ہونا مرا ویر,P
رسول اللہﷺ کے اخلاق یہ تھے کہا گر کوئی آدمی آپ کی طرف منہ کرکے بات کرتاتو آپ اس کی طرف متوجہ ہی رہتے یہاں تک کہ فارغ ہوکروہی آدمی چہرہ پھیرلیتا,P
دعا ایسا خوبصورت عمل ہے جس میں مانگنے والا اپنی پریشانیاں اور مشکلات,P
خواجہ صاحب بارش آ گئئ ساڈے لائق کوئئ ہور حکم,P
کیا زبردست دن تها آج پاکستان کرکٹ ٹیم کے لیے پہلے تو احمد,P
پانی سرسے گزرچکاہے فیصلہ تبدیل ہونے کا امکان نہیں فاروق ستار,N
ایم کیوایم ڈسٹرکٹ ملتان کے صدر ذیشان دلاور قریشی کی والدہ محترمہ کے انتقال پر رابطہ کمیٹی کااظہار تعزیت,N
شیری مزاری نے پاکستان میں تیل کی کھداٴں ی سے پہلے ناگن ڈانس کیا کریں گی چندے سے انقلاب,P
لاہور پسند کی شادی کرنے والی لڑکیاں پہلے حالات کیوں نہیں سمجھتیں جسٹس قاسم خان,N
اعصاب شکن میچ میں کپتان ایسی ہی غلطیاں کرتا ہے عمران خان,N
عربی سیکھو اس لیے کہ وہ عقل میں پختگی اور مرو ت میں زیادتی پیدا کرتی ھے سیدنا عمر فاروق,P
کینیڈا کی پارلیمنٹ میں فائرنگ کی ویڈیو جاری کینیڈا کی پولیس نے پارلیمنٹ پر حملے کی ویڈیو جاری,N
سرجی مسکین لوگ آں اسی ڈان کتھوں ہو گئے,N
ﻣﯿﺮﺍ ﺭﺭﻟﭧ ﺩﯾﮑﮫ ﮐﺮ ﻣﯿﺮﮮ ﺍﺑﻮ ﻧﮯﺻﺮﻑ ﺍﺗﻨﺎ ﮨﯽ ﮐﮩﺎﻓﺮﺍﺯﺑﮓ ﺑﻮﺱ ﭼﺎﮨﺘﮯ ﮨﯿﮟ ﮐﮧ ﺁﭖ ﺍﺱ ﮔﮭﺮﺳﮯ ﺍﺑﮭﯽ ﺍﻭﺭ ﺍﺳﯽ ﻭﻗﺖ ﺩﻓﻌﮧﮨﻮﺟﺎﺋﯿﮟ,N
نا اہلی اور رکنیت معطلی کے باوجود بھی افس پر قبضہ کیے ہوئے ہیں قبضہ گروپ اپنی سیٹوں کو چھوڑنے والے نہیں تحریک,N
جس دن ہم میں دین کا فہم پیدا ہو جائے گا اس دن سارے مولویوں کو اپنی اپنی دوکانیں بند کر کے بهاگنا پڑ جائے گا,N
قادری صاحب سمجھ تے تسی گے ہو گے,P
فتح حق اورسچ کی ہوئی الطاف حسین کورابطہ کمیٹی کی مبارکباد,P
شہدا نے پکارا ہے تم کوفردوس کے بالا خانوں سے ہم راہ وفا میں کٹ آے تم کوپیارہے ابھی تک اپنی جانوں سے ذوالحج یوم شھادت محمد عثمان باغائي,P
چھاپہ مار ٹیم نے ٹاپ ٹریٹمنٹ کے نام سے قائم فیکٹری کو سیل کردیا,N
ﻻﮨﻮﺭ ﺿﻠﻌﯽ ﺍﻧﺘﻈﺎﻣﯿﮧ ﮐﺎ ﺭﻧﮓ ﺭﻭﮈ ﺑﺎﺩﺍﻣﯽ ﺑﺎﻍ ﮐﮯ ﻗﺮﯾﺐ ﭼﮭﺎﭘﺎ ﻓﺮﻭﺧﺖ ﮨﻮﻧﯿﻮﺍﻟﮯﮔﻮﺷﺖ ﻣﯿﮟ ﻣﺮﺩﮦ ﮔﮭﻮﮌﮮ ﺍﻭﺭﮔﺪﮬﮯ ﮐﺎ ﮔﻮﺷﺖ ﺑﮭﯽ ﺷﺎﻣﻞ,N
اے اللہ تیری ذات پاک ہے خوبیوں والیاور تیرا نام برکت والااور تیری شان اونچی ہے اور تیرے سوا کوئی معبود نہیں,P
ﺩﺑﺌﯽ ﭨﯿﺴﭧ ﮐﮭﺎﻧﮯ ﮐﮯ ﻭﻗﻔﮯ ﭘﺮ ﭘﺎﮐﺴﺘﺎﻥ ﮐﮯ ﻭﮐﭧ ﭘﺮ ﺭﻧﺰﺍﻇﮩﺮ ﻋﻠﯽ ﺍﻭﺭ ﯾﻮﻧﺲ ﺧﺎﻥ ﺭﻧﺰ ﭘﺮ ﻧﺎﭦ ﺁﺅﭦ,P
دبئی ٹیسٹ یونس خان کے نام ٹیسٹ کے دونوں اننگز میں سنچری لگاکر پاکستان کی تاریخ میں سب سے زیادہ سنچریاں بنانے والے کھلاڑی بن گئے,P
حضرت عمر اکثر کہا کرتے تھے اے عمر تجھے تو اونٹ چلانے نہ آتے تھے آج اسلام نے تجھے کہاں پہنچا دیا,P
باجوڑ ایجنسی میں پولیو ٹیم پر حملہ دو لیوی اہلکار زخمی,N
لاہور میٹرو بس میں آمدن کروڑ روپے اخراجات ارب کروڑ روپے نقصان ارب کروڑ روپے حکومتی اعدادوشمار,N
سال کی عمر میں بھٹو پہلی مرطبہ منظر عام پر آیا جنرل ایوب خان کی حکومت کا وزیر پٹرولیم بن کے یعنی اپنی محنت سے نہیں,N
دہشتگردی میں جاں بحق گریڈ ایک سے کے ملازمین کے اہلخانہ کو لاکھ روپے امداد ملے گی,N
ہلکی غذا لو سوپ پیو,P
نیوز سنگدل شخص نے بیوی اور بچے کو فائرنگ کرکے قتل کردیا پاکستان,N
ایدھی سنٹر ڈکیتی مرکزی ملزم سابقہ ملازم گرفتار کراچی شہر قائد میں ایدھی ٹرسٹ کے ہیڈ آفس میں ڈکیتی کرنے,N
مسائل سے آگاہی کا شور تو آپ بهی دل کهول کر بیان کرتے ہیں آپ کیوں کوئ حل نہیں بتاتے یہ ملک صرف سیاست دانوں کا ہی ہے جاوید چوہدری صاحب,N
آیا نہ ہوگا اسطرح حسن و شباب ریت پر گلشن بتول کے تهے سارے گلاب ریت پر عشق میں کیا لٹائیے عشق میں کیا بچائیے آل نبی نے لکھا سارا نصاب ریت پر,P
قادری صاحب اور ڈیل ہرگز نہیں,N
پشاور پولیو مہم لاکھ سے زائد بچوں کو پولیو قطرے پلائے گئے پشاور پشاور میں پولیو مہم,P
پاکستان کا معاشی حب کراچی ہے خالد مقبول صدیقی,P
ایدھی سنٹر میں ڈاکے کا مرکزی ملزم سابق ملازم نکلا,N
ویسے تو زندگی موت اللہ کے ہاتھ میں هے لیکن بلٹ پروف گاڑی کو داد نہ دینا بهی زیادتی ہوگی آج یہودیوں کی بنائی ہوئی,N
غلط انسان سے ریٹ پوچھ رہے کیا پتا زیادہ ریٹ بتادے اصل ریٹ ٹویٹ والی سرکار سے پوچھیے,N
ظلم آ سدھو سانوو,N
کامران شفیع کا کہنا تھا کہ پاکستان میں پانچ لاکھ سے زائد افراد آن لائن کام کرکے پاکستان کے زر مبادلہ میں اضافے کا سبب بن رہے ہیں,P
انل نریندر بچوں کے جنسی استحصال کے بڑھتے واقعات باعث تشویش مس,N
ﻓﻀﺎ ﺳﮯ ﮔﺮﺍﯾﺎ ﮔﯿﺎ ﺍﻣﺮﯾﮑﯽ ﺍﺳﻠﺤﮧ ﺩﻭﻟﺖﺍﺳﻼﻣﯿﮧ ﮐﮯ ﮨﺎﺗﮫ ﻟﮓ ﮔﯿﺎ ﺭﭘﻮﺭﭦ,N
برطانوی فوج نے افغانستان میں آخری اڈاہ بھی خالی کردیا,P
لاہور رانا ثنااللہ کو نوٹس پنجاب اسمبلی سیکرٹریٹ کے پتے پر بھجوا دیاگیا,N
تو کیا آپ یه کهنا چاهتے هیں که دهشتگردی روکنے کیلئے ضرب عضب آپریشن روکنا هو گا,N
رقم کچھ زیاده کریں پهر خاں صاحب سے بات کرتے ہیں,N
سلیکٹرز یونس خان کی جانب سے ایک اور سینچری,P
جو ب رائی کو نہیں پہچانتا وہ زیادہ قریب ھے کہ ا س میں واقع ھو جائے سیدنا عمر فاروق,N
فلمی ستارے تو ان علماے کرام کی دینی خدمات اور شخصیت سے متاثر ہو کر از خود کھنچے چلے آتے ہیں,P
وزیر اعظم کی زیر صدارت پارلیمانی رہنماؤں کا اجلاس,P
طارق بن زیاد اگر آج زندہ ہوتے تو عمران خان کو اتنا ضرور کہتے کہ بیٹا کشتیاں جلانے میں اورلڑکیاں نچانے میں بہت بڑا,N
ﻣﺮﯾﻢ ﻧﻮﺍﺯﮐﯽ ﯾﻮﺗﮫ ﻟﻮﻥ ﺍﺳﮑﯿﻢ ﮐﯽ ﭼﯿﺮﭘﺮﺳﻦ ﺗﻌﯿﻨﺎﺗﯽﮐﮯﺧﻼﻑ ﺩﺭﺧﻮﺍﺳﺖ ﮐﯽ ﮨﺎﺋﯿﮑﻮﺭﭦ ﻣﯿﮟ ﺳﻤﺎﻋﺖﻣﺮﯾﻢ ﻧﻮﺍﺯ ﮐﯽ ﺗﻘﺮﺭﯼ ﮐﺲ ﺑﻨﯿﺎﺩ ﭘﺮ ﮐﯽ ﮔﺌﯽ ﺟﺴﭩﺲ ﻣﻨﺼﻮﺭ ﻋﻠﯽ,N
ایک سے گریڈ کے ملازمین کے انتقال پر خاندان کو لاکھ روپے دیے جائیں گے,N
ساحر لدھانیوی عصمت چغتائی راجندر سنگھ بیدی علی سردار جعفری اور دیگر ترقی پسند ادیب ساحل سمندر پر اکٹھے ہیں,P
خواجہ سرا آصف شرم کرو,N
ایک شرابی کے ہاں ہر وقت شراب کا د ور رہتا تھا ایک مرتبہ اس کے دوست احباب جمع تھے شراب تیار تھی اس نے اپنے غلام,N
صرف فیصد کے بل زیادہ آئے انھوں نے بجلی زیادہ استعمال کی خواجہ آصف,N
ﻣﺎﺩﺭ ﺟﻤﮩﻮﺭﯾﺖ ﺑﯿﮕﻢ ﻧﺼﺮﺕ ﺑﮭﭩﻮ ﮧﺒﺣﺎﺍﯾﺮﺍﻥ ﮐﯽ ﺑﯿﭩﯽ ﻧﺼﺮﺕ ﺑﮭﭩﻮ ﭘﺎﮐﺴﺘﺎﻥ ﮐﯽ ﯽﻨﺑ ﮞﺎﻣﺍﻧﮩﻮﮞ ﻧﮯ ﺳﻘﻮﻁ ﮈﻫﺎﮎ ﮐﮯ ﺑﻌﺪ ﺑﮑﻬﺮﮮ,P
بنوں میں دوستانہ میچ آئی ڈی پیز کی شاہد آفریدی الیون نے جیت لیا,P
ایسا ا سان حدف بچوں والا میچ ہو گیا یہ تو ہا ہا ہا ہا ہا,P
پی ٹی آئی کا استعفے واپس نہ لینے کا اعلان,P
ان کا کام ہی لوٹنا ہے,N
نہیں میں شیو نہیں کرتا صرف ٹویٹ کرتا ہوں بغیر ٹائپو والی ڈ,N
اپنے باپ شوبازشریف کو بول پہلے وہ پنجاب کو بچالے اور تو اپنی بجلی پر توجہ دے ماما نا بن خیبر پختونخواہ کا جعلی معزز بهڑوے سالے,N
ڈالر کا کمال هے جناب,P
میں نے پوچھا کہ زندگی کیا ہے ہنس دئیے پھول رو پڑی شبنم,N
م جھے کر عطا اے میرے اللہ تو بہت بندہ نواز ہے میری ہر صبح محتاج ہے تیری رحمتوں کے نزول کی دعا پینڈو,P
پیار بھرے دو شرمیلے نین چندے سے انقلاب,P
دریا کی طرح خاموش نہ تھاجن کو بلا کا چاہتا تھاان ہی کے طعنے بھی سنتا تھادنیا نے اسے کچھ نہ دیا,P
چندے سے انقلاب نہیں لایا جاسکتا اور نہ بندے ا ٹھانے سے انہیں چ پ کروایا جا سکتا ہے,N
لوگوں پر ایک ایسا زمانہ آنے والا ہے کہ جس میں آدمی کو پرواہ نہیں ہوگی کہ جو وہ لے رہا ہے آیا کہ حلال ہے یا حرام صحیح بخاری,N
ڈاکٹر طارق سلیم کو امیر ضلع گجرات منتخب ہو گئے,P
تے چاچے قادری نو ں ایویں ای چھڈ دینا اے,P
آج سے بیس سال پہلے ایک عزیز تعلیم کے سلسلے میں امریکہ میں مقیم تھا,P
خواجہ عمران نذیر نے مریضوں سے علاج معالجے کی سہولتوں سے متعلق دریافت کیا,P
م قر وض کے ب گڑے ہ وئے حالات کی مان ند م جب ور کے ہ ونٹ وں پہ س والات کی مان ندد ل کا ت یری چاہ ت میں ع ج ب حال,N
اپ ڈیٹ کرو ٹھیک ہو جائے گا,P
گنجو کا فوٹو شوٹ تو هو گیا نا,P
دہشتگردی میں جاں بحق گریڈ سے اوپر کے ملازمین کے اہلخانہ کو ایک کروڑ روپے امداد ملے گی,P
جوانوں حاضری لگانے کا وقت هو چکا هے آفواج پاکستان زندہ باد,P
جب زخم ناسور بن جائیں تو زخم لگانے والے کو فراموش کرنا نا ممکن ہوجاتا ہے یہ بات وہی سمجھ سکتا ہے جو زخم اٹھاتا ہے,N
لوگوں سے دھرنے کے لیے چندہ مانگنے والا اپنا کنال کا بنی گالہ کا گھر کیوں نہیں پیج کر دھرنے خرچے پورے کرتا,P
دنیا نے کس کا راہ وفا میں دیا ہے ساتھتم بھی چلے چلو یوں ہی جب تک چلی چلے,P
یہقاں تو فالوور بھی جان کو اٹک جاتا ہے لیڈر سے سوال کرنے کی کون جرا ت کر سکتا ہے,N
پاکستان کو میچ جتنے کیلے تین ویکٹس کی ضرورت میچ ہاتھ میں ہے ابھی بھی,P
ہر اک کو اپنی پڑی ہے میری فکر ہی نہیں,N
کچه اور چیز هے شاید تیری مسلمانیتیری نگاه میں هے ایک فقیر و رهبانیسکوں پرستی راهب سے فقیر هے بیزارفقیر کا هے سفینه همیشہ طوفانی,N
پیپلز پارٹی کی جانب سے الطاف حسین کے خلاف تضحیک آمیز رویہ اپنایا گیا مزید پڑھئے,N
سرچ انجن گوگل کے نائب صدر نے فضا میں فٹ کی بلندی پر چھلانگ لگا کر عالمی ریکارڈ قائم کرلیا چھلانگ کی,P
تبدیلی ڈول بجانے سے نہیں آتی عملی کام کرنے سے آتی ھے,P
انشا اللہ بابے دا ڈیرہ سے تا ریخی قافلہ گجرات جلسہ میں شر کت کر ے گا ملک چاند محبوب,P
سن رھا ھے تو دیکھ رھی ھو ں میں,P
آپ کس چينل پر آتے ہو ٹائم اور چینل بتا دو دیکھ لیا کرو گا,P
دیکوں دیکوں کون ایا شیر کا شکاری ایا,N
راؤ جانی اس پر روشنی ڈالے گا میرے لیول سے اوپر کی گیم ہے یہ,N
تحریک انصاف استعفوں کے موقف پر قائم ہے نظام کی تبدیلی چاہتے ہیں شیریں مزاری,P
بنوں میں مکانات کے کرائے بڑھ گئے متاثرین بکاخیل کیمپ جانے پر مجبور,N
مک جائے نام تیرا سیاست کے فسانے سے تیرا رونا ہی بنتا ہے زمانے میں,N
لاہور بڑا ہسپتال نہیں سیالکوٹ اور ہارون آباد میں چھوٹے یونٹس بنا رہی ہوں میرا,P
میٹرو بس منصوبہ ایک ارب کروڑ لاکھ روپے سالانہ خسارے میں چل رہا ہے دستاویز,N
جس قسم گندے الفاظ فضلو نے دھرنے کی خواتین کے بارے میں استعمال کئے اس پر تمام سیاسی اور مزھبی جماعتوں کو انکا بائکاٹ کرنا چاہئے,N
اپ مدعا سمجھے ہی نہیں,P
یونس خان آسٹریلیا کے خلاف ایک ٹیسٹ میں دو سنچریاں سکور کرنیوالے چالیس سال میں پہلے کھلاڑی بن گئے,N
غازی تربیلہ اسکول میں بجلی کا تار گرگیا طلبہ جھلس کرزخمی,N
قاتل بھی تم مقتول بھی تم ظالم بھی ہم اور مظلوم بھی تم,N
انقلاب دھرنا ڈیل ماڈل ٹاﺅن میں جاں بحق ہونے والوں کوخون بہادینے کے علاوہ قادری کوعلیحدہ سے ستر کروڑدینے کابھی یقین دلایاگیا رپورٹ,N
پیمرا کے ایکشن پر پرزور مذمت کرتے والوں کو آج سانپ سونگھ گیا کیا کراچی کے اکثر علاقوں میں نیوز چینلز کی نشریات بند,N
لوگو کتاب کا خزانہ ہو جاؤ اور علم کے چشمے بن جاؤ اور روزانہ اللہ سے روزی مانگو اگر تمہارے پاس بہت زیادہ روزی نہیں تو کوئی نقصان نہیں عمر,P
ا س آدمی نے ا س سالار کو کافی معقول ٹپ دی ہے,P
چندے سے انقلاب لانے سے بہتر ہے کے ہم کسی مستحق کی امداد کریں اور اسکی زندگی کو خوشحال کر دیں,P
انصافی ٹائگر عمران خان کے معذور افراد کے ساتھ گزرے سب سے قیمتی,P
مگر ہم بیان ہوں کیسے رسوائیوں سے ڈرتا ہوں شاید,N
رسول اللہ صلی اللہ علیہ وسلم نے سودکھانے والے اس کے وکیل اسکے کاتب اور اس کے گواہ پر لعنت فرمائی ہے اور فرمایا کہ وہ سارے برابر ہیں مسلم,P
اتفاق سے میں پرچہ حل کرنے کیلئے جارہاہوں دو بجے پیپر ہ,P
خواب ہوتے ہیں دیکھنے کے لئے ان میں جا کر مگر رہا نہ کرومنیر نیازی,N
جس سے کوئی خطا ہوئی ہو کبھی ہم کو وہ آدمی ملا ہی نہیں,N
اسکا کوئی حل نہیں,N
تنہا زندگی جینے کا بھی اپنا ہی مزہ ہے نہ کسی کے آنے کی خوشی اور نہ کسی کے جانے کا غم,P
بریکنگ دبئی ٹیسٹ دوسری اننگز یونس خان کی آسٹریلیا کے خلاف سنچری مکمل بریکنگ دبئی ٹیسٹ یونس خان کی,P
اج بهت سے لوگو کو طاهر القادری کا فیصله سمج نهی ایا کل پهر انهی لوگو کا کهنا هو گا طاهر القادری ڻهیک کهتے تهے,P
کراچی ہم نے پہلے پاکستان بنایا اور پھر پاکستان ہجرت کی خواجہ اظہار الحسن,P
کاجو ذیابطیس کے مریضوں کے لئے انتہائی مفید ہے,P
لاہور ایبولا وائرس سے نمٹنے کے لئے پنجاب میں تیاریاں شروع,P
لاہور دھرنوں کے باعث سیاسی عدم استحکام تھا اب معاملہ سنبھل گیا ہے میاں مجتبی,P
ﺗﺤﺮﯾﮏ ﺍﻧﺼﺎﻑ ﺍﻭﺭ ﻋﻮﺍﻣﯽ ﺗﺤﺮﯾﮏ ﮐﯽ ﺳﻮﺷﻞ ﻣﯿﮉﯾﺎﻭﺍﺭ ﺩﻭﻧﻮﮞ ﮐﻮ ﮐﻤﺰﻭﺭ ﮐﺮ ﺩﮮ ﮔﯽ ﺩﺷﻤﻦ ﮐﻮ ﻣﻮﻗﻊﻣﺖ ﺩﯾﮟ ﺩﻭﻧﻮﮞ ﺗﺒﺪﯾﻠﯽ ﻭﺍﻟﮯ ﻣﺘﺤﺪ ﺭﮨﯿﮟ,N
جادو بهری آنکھوں والی سنو تم ایسے مجھے دیکھا نہ کرو,P
تمہارے پاؤں میں رکھ دی ہے شاعری اپنیکسی کو کون یوں اپنی کمائی دیتا ہے,P
آقا صلی اللہ علیہ و آلہ وسلم کے صحابہ صحبت کی وجہ سے ہی اتنے پختہ ایمان اور یقین والے تهے اور ان میں ان کے مرشد کا عکس تها,P
ہاں تم ویسے ہی پراسرار ہے اور پراسرار ڈائنیں ہوتی ہیں,N
کتاب دستک انتساب میری زندگی ان رشتوں کے نام جو عجیب بھی ھیں اور غریب بھی جو محبت اور اذیت کا نایاب,P
میں منٹو سے شرمنده هوں آج دل چاہاکہ ترتیب ٹهیک کردوں مگر امرتا پریتم سب سے نچلی شیلف میں دیکه کر دو آنسو حلق میں اتارے,N
بالآخر تیری مصروفیت کے پیش نظریہ تہہ ہوا کے اب تجھے یاد نہ کیا جائے,P
جس عہد میں لٹ جائے ایدھی کا چندہاس دور کا حاکم ہے کوئ گنجا,N
لگتا ہے آسٹریلیا کی ٹیم بہت برا پرفارم کر رہی ہے ہماری حالت تو جوں کی توں ہے,N
کیا کوئی دوست پاکستان کے ٹیسٹ میچ کے بارے میں بتا سکتا هے ساتھ ٹائم لازم لکھنا,P
لعنت ہے ایسے نظام پر جس میں ٹیکسی چلانے کے لیے گریجوئیٹ ہونا ضروری ہے مگر ملک چلانے کے لیے یہ شرط پارلیامنٹ نے ختم کر دی ہے,N
محمد ﷺ نے فرمایا جسکا مفہوم ہے اگر میرے بعد کوئی نبی ہوتے تو وہ عمر ہوتے سیدنا عمر فاروق,P
ڈیزل ڈیزل کپتان ڈیزل,N
بریکنگ نیوز ٹویٹر پر زیادہ جلن کے بعد جیالے پٹواریوں کا غیر آئینی قبضہ رایوینڈ اور بلاول ہاؤس میں مٹھائیاں تقسیم,P
ٹھرکی سے یاد آیا کہاں ہے آجکل,N
رونا نہیں اے دل مضبوط ہوجا پھر اور کوئی تجھے توڑ نہ سکے زویہ,P
مرسو مرسو بھوکے مرسو مرو مرو بھوکے مرو,N
ایم کیوایم کا آزاد کشمیر حکومت سے علیحدگی کا اعلان اسکے ساتھ ہی حکومت سے اندر باہر ہونے کا عالمی ریکارڈ بھی بنا ڈالا سیاسی لطیفے,N
کینیڈا کی پارلیمنٹ میں فائرنگ کی ویڈیو جاری,N
سپریم کورٹ نے حلقہ پی پی تین سو بتیس بورے والا سے رکن پنجاب اسمبلی یوسف کیسال کی رکنیت بحال کر دی,P
منڈی بہاوالدین شیخ علی پور کے قریب نامعلوم نوجوان کی نعش برآمد,N
پوتن نے روس اور اسرائیل کے دوستانہ تعلقات میں نیتن یاہو کے بڑے کردار کو بے حد سراہا,P
قادری اور عمران کا دھرنا چٹخارے دار چاٹ مصالحہ مکس,N
لاہور عوام نے مینڈیٹ دیا ہے دھرنوں سے فرق نہیں پڑتا صوبائی وزیر قانون,P
ہمیں آج پتا چلا کہ اس لعنتی ابو لولو فیروز کا مزار بھی ہے ایران میں حیرت ہے,N
کوئی گیا تو اسے بھی شہید کردو طاہر القادری جی تو خکم کی تعمیل کب کی جائے,P
میں کب کا چکا ہوں ہوائیں مجھے نہ دو,N
ساے جتنی ھے ملکیت سب کی ⁰⁰باقی جو ھے تجاوزات میں ھے,P
ابھی چھوٹا بھائی صدمہ میں ہے جلد ہی کوئی نحوست بھرا فیصلہ کر ہی لے گا,N
کتے ہماری خواہشیں گلی میں پھر نے والے کتوں کی طرح ہیں کہ جن سے ڈر کر بھاگو تو پیچھے پڑ جاتے ہیں بھونک بھونک,N
سر جی بائیس توپوں کی سلامی ھے اس عقل پر جو اتنے تجربے ملکی نقصان عمر کے اس حصے کے بحدآگئی آپکے بقول قوم پر یہ احسان ھے,N
شرمندہ مت کیجیے جناب,N
جنوبی پنجاب کا سارا پیسہ صرف لاہور پہ لگتاہے تب کوئی پٹواری نئیں کہتا کہ واقعی انہیں حق دو گجرات یونیورسٹی کا دکھ ہے,P
میں س وت کے دھاگے کی طرح ٹوٹ گيا تھاوہ چرخہ گھمائے گی تو کچھ یاد کرے گی,N
کون ديکھے گا اب صليبوں پر صورتيں وہ پيمبروں جيسی ميری دنيا کے بادشاہوں کی عادتيں ہيں گداگروں جيسی,P
ہیں کیا ہاتھا پائی پر اتر آئے آپ لوگ ڈ,N
پاکستانی قوم جاگ گئی ھے کہ ڈیزل کی قیمتیں کیوں بڑھ گئی ہیں,N
پھر پٹواری پوچھتے ہیں کہ دھرنوں کا عوام کو کیا فائدہ پہنچ رہا ہے,P
میاں صاحب اس پیغام میں ہے ایک بار ضرور دیکھیں اور شئیر کرنے میں کنجوسی نہ کریں ویڈیو دیکھیں,N
کل سنا ھے جیو نیوز په عمران خان کا پرانا انٹرویو چلایا تھا کیا اب جیو معافی مانگنے والی ھے ویسے فائده بھی جیوکا اسی میں ھے,P
بات کہنی ہو کوئی وعدہ نبھانا ہواسے آواز دینی ہو اسے واپس بلانا ہوہمیشہ دیر کر دیتا ہوں میں مدد,N
بتاو کیسا لگتا ہے کسی ویران رستے پر کسی انجان رستے پر کسی کا ساتھ م ل جاناخوشی کے پھول ک ھل جانابتاو کیسا,N
موبائل پر کراچی کی فری نیوز حاصل کرنے کے لئے میسج میں ٹائپ کریں اور بھیج دیں پر بغیر کسی چارجز کے,P
بہت سے داغی آئے اور گئے لیکن کپتان اب بھی قوم کے ساتھ اسی جذبے سے کھڑاھے,P
ایبولا وائرس سے ہلاکتوں کی تعداد ہزار ہوگئی ڈبلیو ایچ او,N
جمعه مبارک دعا میں یاد رکھیں شکریه,P
ایک مشورہ ھے چندے سے انقلاب تو ممکن نہیں بنی گالا کا کنکشن شاید بحال ھوجائے یا پھر پختون ڈیزل ھی سے کام چلایے,N
لاہور ہائی کورٹ نے سماعت کے دوران اے آر واے نیو کے پروگرام کھرا سچ کو پروگرام بند کرنے اور میزبان مبشر لقمان پرپابندی عائد کرنے کا حکم دیا,N
زندگی اپنے لہو کا نام ہے زندگی ایک آرزو ے خام ہے زندگی حسرت بھری فریاد ہے زندگی گویا کسی یاد ہے سوزش درد جگر ہے,N
متروک مسترد کاسہ لیسوں کی کسی بھی مارچ کی حمایت کرنا تاریخی جرم ہوگا متروک مسترد کاسہ لیسوں کی کسی بھی مارچ ک,P
آج ملنگی بہت اداس ہے,N
بریکنگ کراچی ملزم سلیم کو پولیس گرفتارنہیں کرسکی پولیس ذرائع,N
ایم کیوایم کے قائد الطاف حسین کی تصنیف فلسفہ محبت کے انگریزی ترجمہ کی تقریب اجرا اکتوبر جمعہ کی شام میریٹ ہوٹل میں منعقد ہوگی,P
ﻭﺍﮦ ﮐﯿﺎ ﺑﺎﺕ ﮨﮯ,P
عوامی تحریک کا دھرنا ختم ہونے پر اسلام آباد میں عید کا سماں,P
آپ کو ہماری بدعا ہے آپ دنیا اور آخرت میں ذلیل و رسوا ہونگے,N
خان صاحب کے شرمناک اندازگفتگو کے بارے میں کیاکہیں گی شیریں صاحبہ,N
مجھے سیدنا عمر فاروق رضی اللہ عنہ سے محبت اس وجہ سے بھی ہے کہ میں نے دیکھا کہ آدھی دنیا کا حکمران سر کے نیچے اینٹ رکھے درخت کے سائے تلے سویاہے,P
الله اکبر مولانا جی کیا بات ھے,P
پانچ فیصد دیوبندی تکفیری اقلیت کی پچھتر فیصد سنی بریلوی صوفی اکثریت کے خلاف دہشت گردی کب تک فاروق چشتی,N
سرزمین شام وہ ولولے آج ابن قاسم کے کیا فسانوں میں کھوگے ھیں نبی ﷺ کی ام ت کے تن سے رستا ہوا یہ خون تم سے پوچھتا ہے,N
حسان ریاض جیت نہیں رہا حسان ریاض جیت گیا ہے مبارک ہو مبارک ہو مبارک ہو,P
کو جواب دینا چائے اب هر غریب کارکنوں کو جو اپنا سب لوٹا کہ سابت قدم رهے ظالموں سے زیادہ ظلم کیا هے بغیر مشورہ لیے دهرنا ختم کر کہ,N
ﻃﺎﺭﻕ ﺑﻦ ﺯﯾﺎﺩ ﺍﮔﺮ ﺁﺝ ﺯﻧﺪﮦ ﮨﻮﺗﮯ ﺗﻮ ﻋﻤﺮﺍﻥ ﺧﺎﻥ ﮐﻮ ﺍﺗﻨﺎﺿﺮﻭﺭ ﮐﮩﺘﮯ ﮐﮧ ﺑﯿﭩﺎ ﮐﺸﺘﯿﺎﮞ ﺟﻼﻧﮯ ﻣﯿﮟ ﺍﻭﺭﻟﮍﮐﯿﺎﮞﻧﭽﺎﻧﮯ ﻣﯿﮟ ﺑﮩﺖ ﺑﮍﺍ ﻓﺮﻕ ﮨﮯ,N
ﺟﻮ ﮐﮯ ﻟﻮﮒ ﮔﺎﻟﯽ ﮔﻠﻮﭺ ﮐﺮ ﺭﮨﮯ ﮨﯿﮟ ﺍﻥ ﮐﻮ ﺍﮔﺴﺖ ﮐﯽ ﺭﺍﺕ ﮐﻮ ﯾﺎﺩ ﺭﮐﻬﻨﺎ ﭼﺎﮨﯿﮯ ﺍﭘﻨﮯ ﻟﯿﮉﺭ ﮐﻮ ﭼﻬﻮﮌ ﮐﺮ ﺑﻬﺎﮒ ﮔﮯ ﺗﻬﮯ,N
ا عمران خان کو ان دنوں شیدے کو دور بھگا دینا چاہیے جب اسکے بیٹے پاکستان میں ہوں یہ چھڑے چھانٹ اخلاقی گراوٹ کا شکار ہوتے ہیں,N
اورنگی ٹاؤن کے بچوں میں پولیو وائرس کی تصدیق,N
ر ایک بچے کی سکول میں موجودگی یقینی بنانے کے لئے ریاست کو تعلیمی معاملات سے نمٹنے کے لئے نئی قوت کے ساتھ عزم کو یقینی,P
دو عہدوں کا معاملہ معین خان اور پی سی بی کے درمیان سرد جنگ,N
کراچی ایدھی سنٹر پر ڈاکے کا مرکزی ملزم گرفتار عیدھی صاحب پہلے بھی ا پ کی سالہ دلہن کڑوڑوں روپے لے اڑی تھی,P
انشا جی اٹھو اب کوچ کرو اس شہر میں جی کا لگانا کیا ہاہاہا اور یہ کہ کر قادری صاحب شہر اقتدار پر بہت بڑا احسان کر گے,P
بھارتی مقبوضہ کشمیر میں بین الاقوامی مبصر کی تعیناتی خطے میں پائیدار امن کیلئے ناگزیر ہے,P
آج ایک نئی پیپلز پارٹی کی خبریں گردش کر رہی ہیں,P
ﺗﻤﺎﻡ ﻣﺴﻠﻤﺎﻧﻮﮞ ﮐﻮ ﻧﯿﺎ ﺍﺳﻼﻣﯽ ﺳﺎﻝ ﻣﺒﺎﺭﮎ ﮨﻮ ﺩﻋﺎ ﮐﺮﺗﮯ ﮨﯿﮟ ﺍﻟﻠﮧ ﺗﻌﺎﻟﯽ ﺗﻤﺎﻡ ﻣﺴﻠﻤﺎﻧﻮﮞ ﭘﺮ ﺍﭘﻨﮯ ﮐﺮﻡ ﺳﮯ ﺭﺣﻤﺘﯿﮟ ﺑﺮﮐﺘﯿﮟ ﻧﻌﻤﺘﯿﮟ ﻧﺎﺯﻝ ﻓﺮﻣﺎﺋﯿﮟ ﺁﻣﯿﻦ ﺛﻢ ﺁﻣﯿﻦ,P
ایک دن مرنے کے لیے ساری زندگی جینا پڑتا ہے,N
میرپورخاص سیال کالونی میں معمولی تنازع پر فائرنگ نوجوان امتیاز ناریجو جانبحق ہوگیا,N
خدا کے لیے کوئی کینڈی کرش ساگا گیم کھیلنے کے لئے جو لوگ مجھ کو انوائیٹ کرتے ہیں ان سے جان چھڑوائے خدا لئے,P
ڈسکے جاؤ ناچے جاؤ,P
عمران خاں زنا اور اپنے ناجائز بچوں کو پرائیویٹ معامله کھتا ھے کیا ایسے شخص کے پیچھے قوم کو چلنا چاھیے,N
لاہور شہباز شریف نے ہزار پرائمری سکولز بند کروادئیے چودھری پرویز الہی,N
السلام علیکم باغ آزاد کشمیر سے کوئی ساتھی ہوں تو مجھے ان باکس کریں جزاک اللہ,P
لاہور محرم سیکیورٹی کیلئے انتظامات کو حتمی شکل,N
ابھی تو پارٹی شروع ہوئی ہے,P
چیچہ وطنی حکام کی عدم توجہی امراض قلب یونٹ میں تالے پڑ گئے,N
امریکا ویسٹ پام بیچ کے علاقے میں بارش سے نظام زندگی متاثر,N
تحریک انصاف کے دوست دل کھول کر برا بھلا کہیں گالیاں دیں لیکن وقت آئے گا کہ ثابت ہو جائے گا کہ ہمارا فیصلہ ہم,N
قادری سے بولے ڈاکٹر نے مجھے دانتوں میں کیڑا بتایا ھے بیوی ڈاکٹر نے آپکو بماری تو سہی بتائ پر جگہ غلط بتادی ہنسنا منع ہے الوداع انقلاب,N
لاہور طاہر القادری کی ماڈل ٹاون م ن واقع رہائش گاہ کے اطراف سیکورٹی الرٹ,N
ایم کیو ایم کا ملک گیر یوم سیاہ,N
میرے جذبات سے واقف ہے میرا قلمدھرنہ لکھوں ڈرامہ لکھا جاتا ہے,P
بعض اہل نظر کی رائے میں نئے صوبوں کی تقسیم اس طرح بھی ممکن ہے,P
تم سے بڑا گھپلا کون ہے,N
زاہد یہ میری شوخی رندانہ دیکھنا رحمت کو باتوں باتوں میں بہلا کے پی گیاسر مستی ازل مجھے جب یاد آ گئی دنیائے اعتبار کو ٹھکرا کے پی گیا,P
ہاں یہی احساس پیدا کرنا ہے,P
ہاہاہاہانا کیا کرو نا یار اگلی دفعہ پھر کوشش کر لینا,P
ایم کیو ایم کا سندھ حکومت کے بعد آزاد جموں کشمیر حکومت سے بھی علیحدگی کا اعلان ڈاکٹر فاروق ستار,N
ٹهیک ہے آپ ناچیں,P
قیامت کی نشانیاں,N
عمر کے نام لیوا کا ہے نصب العین حق کوشی کبھی باطل کے آگے اس کا سر خم ہو نہیں سکتا سیدنا عمر فاروق,N
جسٹس منصور علی شاہ نے ریمارک دیئے بتایا جائے عوامی ٹیکسوں سے حاصل ہونے والی رقم کس طرح سیاسی مقاصد کے لئے استعمال کی جا سکتی ہے,N
جو طلب پہ عہد وفا کیا تو وہ آبروئے وفا گئسر عام جب ہوئے مد عی تو ثواب صدق و صفا گیا,N
ابھی تک اسکی لہریں کبھی کبھی آ جاتی ہیں یار أ,P
ﻧﻮﺭ ﺑﻐﺪﺍﺩ ﮐﯽ ﮔﻠﯿﻮﮞ ﮐﺎ ﮨﮯ ﮨﺮ ﺍﯾﮏ ﮐﺮﻥ ﺍﺱ ﮐﯽ ﻣﺪﯾﻨﮧ ﺳﮯ ﭼﻠﯽ ﮨﮯ,P
کے اہتمام علما کا انوکا اجتماع جس میں سنی شیعہ بریلوی دیوبند اور اہلحدیث تمام مکاتب فکرکے علما چھت کے نیچے جمع جگہ باجماعت نمازکی ادائیگی,P
بجھی بجھی شام شعر یاراں,N
درست کہا غصہ ہوش گنوا دیتا ہے,N
اتنا کام پڑا ہے اور میں کھیل رہی ہوں اردو کی بورڈ سے,P
کچھ لوگوں کو شکریہ کہنا ہے جو پٹوریوں کو ان کی زبان میں جواب دیتے ہے اورکا دفاع کرتے ہے وغیرہ کو,P
مجیب الرحمن شامی کا پروفیسر غلام اعظم کے لئے نذرانہ,P
پنج پیر اجتماع براہ راست دیکھنے کیلے اور تصویری جھلکیوں کیلے فیس بک کاوزٹ کریں,P
خودکشی حرام هے توبه توبه,N
دنیائے حادثات ہے اک درد ناک گیتدنیا کے حادثات سے گھبرا کے پی گیاکانٹے تو خیر کانٹے ہیں ان سے گلہ ہی کیاپھولوں کی واردات سے گھبرا کے پی گیا,N
منڈی بہاؤالدین انڈر دی ٹری پرائمری سکول اکیسویں صدی جہاں پوری دنیامیں سائنس اور ٹیکنالوجی کاراج ہے اور تمام,P
ن لیگ وہ پارٹی ہے جوضیاکی بندوق کے زور پہ وبائی مرض کی طرح پهیلیجبکہتحریک انصاف آہستہ آہستہ خوشبو کی طرح اپنا اثر دکھا رہی ہے,N
تیز بارش ہو گھنا پیڑ ہو ا ک لڑکی ہوایسے منظر کبھی شہروں میں تو پائے نہ گئے,P
میں نے ورلڈ کپ جیتامیں نے ہسپتال بنایامیں نے سیاسی پارٹی بنائیمیں نے کنٹینر سیاست شروع کیمیں نے چندہ کی ٹیکنالوجی کو بام عروج تک پہنچایا,P
جمال و حسن قرآں نور جان ہر مسلماں ہے قمر ہے چاند اوروں کا ہمارا چاند قرآں ہے,P
آج ملک بھر میں یوم عدل بسلسلہ یوم شہادت سیدنا فاروق اعظم ر ض مذہبی عقیدت سے منایا جائے گا,N
آج قادری صاحب نے کچھ عمران خان سے مایوس ہو کر اور کچھ ڈیل کے نتیجے میں اپنا دھرنا ختم کر دیا اس فیصلے کے کئی,N
قائد انقلاب ڈاکٹر محمد طاہر القادری نے محاذ بدلا ہے منزل نہیں,P
کوہلی اور انوشکا کب شادی کررہے ہیں عامر خان کو بھی فکر لاحق ہوگئی,N
نیا بلاگ کب تک پوسٹ کریں گی آپ,P
اب کے برس بہار بصیرت کو ڈس گئی فکرو نظر کے جھومتے باغات جل گئے ساغر کٹے کٹے ہیں ستارے بجھے بجھے شائد میرے نصیب کے دن رات جل گئے,N
جیو نیوز مسلسل گھنٹے تک افواج پاکستان اور آئی ایس آئی پر کیچڑ اچھالتا رہا لیکن پیمرا کا چئیرمین اور سارا,N
بریکنگ لاہور میں مردہ جانوروں کا گوشت فراہم کیے جانے کاانکشاف,N
تنگ آ چکے ہیں کشمکش زندگی سے ہمٹھکرا نہ دیں جہاں کو کہیں بے دلی سے ہم,N
ایشیا کا قدیم محمد ن سپورٹنگ کلب مشکلات میں,N
اگر وہ تم سے پیار کرتا ہے تو وہ تمھیں کبھی نہیں چھوڑے گا اور کبھی تمھیں نیچا نہیں دیکھائے گا,P
آسٹریلوی ٹیم پاکستان کے سکور سے اب بھی رنز پیچھے ہے,P
مٹھی میں غذائی قلت سے بچے جاں بحق ہو گئے مزید پڑھئے,N
غذائی قلت کا شکار مزید دو بچے سول اسپتال مٹھی میں دم توڑ گئے تھر پارکر تھر پارکر میں غذائی قلت کا شکار م,N
نواز شریف کی بھارت کے بعد اسرائیل کو خوش کرنے کی کوشش حکومت کی ناک کے عین نیچے اسرائیلی اسٹال,P
میں چاھتا بھی یھی تھا تو بے وفا نکلے تجھے سمجھنے کا کوئی تو سلسلا نکلے,N
فقیری اچھی پروہ جوآپ کولوگوں سے بے نیاز کردے نا کے وہ فقیری جس میں آپ لوگوں کی نیاز کے ہوں محتاج اور ہاتھ پھیلاتے پھریں سب کے سامنے,N
اسلام آباد چیرمین تحریک انصاف عمران خان کا کہنا ہے کہ محرم الحرام آنے کے باوجود ہم اسلام آباد سے نہیں جائیں گے,P
سرجی آئی فون تے نیٹ سلو ای بڑا اے سم تے اک حوالہ کڈ لیا اے لنک سینڈ کرنا واں چیکنگ پا لوو,P
اصلی صرف طالبان لشکر جھنگوی ہیں اصلی اور خالص,P
نبہیا چوہدری کی مبینہ خود کشی ذہنی دبائو کا نتیجہ قرار,N
نبی اکرم صل ی اللہ علیہ وآلہ وسلم پر ہزاروں کڑوڑوں درود و سلام,P
آسٹریلوی ماہرین کا طبی میدان میں اہم کارنامہ مردہ دل کی کامیاب پیوند کاری,P
کسی روندے نوں ھسایا ای تے دس خاں کسی پکھے نوں رجایا اع تے دس خاں راه وچ پے روڑے نوں ھٹایا ای تے دس خاں کسی دے پھٹ نوں سیتا ای تے دس خاں,N
شیخ جیسا بے شرم جسے میں اپنا چپڑاسی بھی نہ رکھو سچ ہی تو کہا ہے چپڑاسی نہیں رکھے گا پارٹنر بنائے گا,N
آپ میں سے وہ جنہوں نے جنرل ضیاع ال یک کا دور دیکھا ہے جان سکتے ہیں کہ ہم لوگ کس کرب سے گزرے ہوں گے پچھلی دو ٹویٹس ملاحظہ ہوں,N
پاکستان کی جانب سے انضمام الحق کی ٹیسٹ کرکٹ میں سنچریاں ہیں,P
بازؤوں سے محروم امریکی نو جوان ماہر گٹارسٹ بن گیا نیویارک امریکہ سے تعلق رکھنے والے دو,P
لاہور وزیر اعلی نوٹس لے کر داد رسی کریں مظاہرین,P
لیکن ہم نے جنگلا بس بنانی ہے ملتان میں پینے کا صاف پانی نہیں لیکن ہم نے جنگلا بس بنانی ہے ملتان میں ساری سڑکیں,N
آسٹریلیا انڈیا اور دوسرے ملکوں میں بیٹھ کر روز کوئی نہ کوئی شوشہ چھوڑ دیتا ہوں اس ملک کو بہت محنت کی ضرورت ہے,P
سوچا تھا شہباز شریف وہاں سے کام آگے لے کر جائیں گے جہاں ہم نے چھوڑا چودھری پرویز الہ ی چودھری نے پنجاب تباہ کیا شہباز نے ترقیاتی کام کیے پنجاب کو سنوار دیا,P
شکل اس کی تھی دلبروں جيسی خو تھی ليکن ستمگروں جيسی اس کے لب تھے سکوت کے دريا اس کی آنکھيں سخنوروں جيسی,P
بڑے بے آبرو ہو کر تیرے ک وچے سے ہم نکلے,N
دیکھیں یہ بات بالکل درست ھے سڑکیں بلاک کرنا کسی طور درست نہیں لیکن انکا نام ٹویٹر پر یا حقیقی زندگی میں احترام سے لینا چاھئے,N
حضرت عمر کے زمانہ خلافت میں جامع مساجد کی تعداد بارہ ہزار تک پہنچ چکی تھی از نظام الحکومۃ الاسلامیہ ج لد دوم,P
اگرزمینی حقائق یہ بتلاتے ہوں کہ یہ ایک خنریزسیاسی سرگرمی ہے,N
لاہور مدعیہ کا پسند کی شادی والا بیان برقرار,P
ایک پنجرے میں چھ طوطے ایک طوطی کو چھیڑ رھے تھے جبکہ دوسرے پنجرے,N
ﺳﻮﺩﮐﮭﺎﻧﮯ ﻭﺍﻟﮯ ﺍﺱ ﮐﮯ ﻭﮐﯿﻞ ﺍﺳﮑﮯ ﮐﺎﺗﺐ ﺍﻭﺭ ﺍﺱ ﮐﮯ ﮔﻮﺍﮦ ﭘﺮ ﻟﻌﻨﺖ ﻓﺮﻣﺎﺋﯽ ﮨﮯ ﺍﻭﺭ ﻓﺮﻣﺎﯾﺎ ﮐﮧ ﻭﮦ ﺳﺎﺭﮮ ﺑﺮﺍﺑﺮ ﮨﯿﮟفرمان,N
ﭘﺨﺘﮕﯽ ﺍﻭﺭ ﻣﯿﭽﻮﺭﭨﯽ ﮐﯽ ﺿﺮﻭﺭﺕ ﺟﺴﻢ ﺳﮯ ﺯﯾﺎﺩﮦ ﺫﮨﯿﻦ ﮐﻮ ﺩﺭﮐﺎﺭ ﮨﻮﺍ ﮐﺮﺗﯽ ﮨﮯ ﮐﮧ ﺟﺴﻢ ﺗﻮ ﻋﻤﺮ ﮐﮯ ﺳﺎﺗﮫ ﺳﺎﺗﮫ ﻓﻄﺮﯼ ﺍﻧﺪﺍﺯ ﻣﯿﮟ,P
دو امریکی ڈانسرز کا بلند عمارت سے لٹک کر رقص,P
کو ئی بات نہیں سب ٹھیک ہوجائیں گے,P
اور اگر پی ٹی آئ نے کها که الیکشن ضمنی نهیں ھونے دینے تو پانچ فی صد ٹرن آوٹ ھوگا اور یا نهیں ھونگے,N
سالا چار اوورز تک کوئی وکٹ نہ گرے تو میچ بورنگ بورنگ لگنا شروع ہو جاتا ہے,N
لاہور نان اور روٹی کی مقررہ قیمتوں پر فروخت یقینی بنا رہے ہیں انتظامیہ,P
مریم نواز کی بحیثیت چیئرپرسن یوتھ لون اسکیم تقرری پر وفاقی حکومت سے جواب طلب ہائی کورٹ نے,N
دیکھ کر جو ہمیں چپ چاپ گزر جاتا ہے کبھی اس شخص کو ہم پیار کیا کرتے تھے,P
اب مزا دينے لگا درد محبت مجھ کو مجھ کو اس درد کی اب کوئی دوا مت دينا,N
مر گئے مردود نہ ڈیزل نا امرود نه سرمه سندور,N
لاہور آئی جی پنجاب مشتاق سکھیرا کی زیر صدارت آر پی او کانفرنس,P
چلو کچھ دیر ہنستے ہیں محبت پرعنایت پرکہ بے بنیاد ہیں باتیں سبھی رشتے سبھی ناتے ضرورت کی ہیں یجادیں کہیں کوئی نہیں مرتاکسی کی واسطے جاناں,N
مقامی سیشن کورٹ نے نواز گھمن سکنہ ڈھک,N
پراٹھے مچھلی چائے عمران خان کے ساتھ,P
ڈآکٹر دانش سوال یہ ہے اے آر وائی کا ٹیوٹر اکائونٹ ہیک ہو گیا ہے کوئی بھی شخص ان کو ٹیوٹ نہ کر ے اور نہ ہی,N
ڈاکٹر طاہر القادری کا دھرنے کیلیے فنڈز جمع کرنے کیلیے بیرون ملک جانے کا فیصلہ اور عمران خان کی بھی دھرنے کیلیے عوام سے فنڈ دینے کی اپیل,N
کیا کسی نے اس بات پر توجه دی که ذی الحج کا مھینه کتنے دن کا تھا پاکستان میں امید ھے کسی نے تکلیف نھیں کی ھوگی,P
گوجرہ میں قتل اور ڈکیتی کے گرفتار ملزمان کی نشاندہی پر اسلحہ برآمدپولیس نے قتل اور ڈکیتی کے گرفتار ملزمان کی,N
اب تو بس اس آواز کو سننے کے لئے کان ترس رہے ہیں اوووووووووووئے قادری ذلیل کرا گئے نا,N
ہر کسی کو اپنے جان کا ابھیمان تو ہوتا ہے پرنتو اپنے ابھیمان کا جان نہیں ہوتا,N
سندھ کے بعد ایم کیو ایم آزاد کشمیر حکومت سے بھی الگ ہو گئیوقت آ گیا ہے کہ ایم کیو ایم برطانوی حکومت سے بھی الگ ہونے کا اعلان کردے,N
بھائ نہ جھک مارو نہ حق بس تمیز سے زندگی گزارو,P
کشکول توڑنے کا دعوی پاکستان کو قرضوں میں ڈبو گیا غیر ملکی قرضے ارب ڈالر سے تجاوز ہر پاکستانی سے زائد روپے کا مقروض قرضے کھرب تک پہنچ گئے,N
ملک میں مذہب کے نام پر فرقہ واریت کی آگ بھڑکائی جا رہی ہے جس سے ملک کھوکھلا ہو رہا ہے طارق جمیل,N
جان ليوا تهيں خواهشيں ورنہوصل سے انتظار اچها تها,N
منوں ڈیزل تھوڑا پوا دے نچاں میں ساری رات میری ٹنکی فل کرا دے نچاں میں ساری رات,P
یہ دور جاہلیت کے ابو جہل ہیں انکا اصلاح سے کیا واسطہ انکو سرداری عزیز ہے,N
آج میرے مضمون کا عنوان ہے کہ بھائی صرف وہ ہوتے ہیں جنہیں اللہ نے ہمارا بھائی بنایا ہے کچھ لوگوں کو میرا,P
اللہ جانے وے ماہی تیرا پیار کی اے دل دی اوداسی نی جاندی,N
بے شرم لوگ ان کے نام کون رکھتا ہے,N
نئی نظریاتی ونگ کا سہرا اسی کو جاتا ہے آزادی مارچ نے کامیابی سے نظریاتی,P
سابق چیف جسٹس پاکستان کو شدید خطرات لاحق,N
میاں صاحب بھارت کے خلاف بات کیوں نہیں کرتے پٹواری ہم نے ایٹم بم بنایا,N
ڈھائی سو ارب روپے سگریٹ میں پھونک دیے جو مفت کے پیئے,N
ﺍﮮ ﺁﺭ ﻭﺍﺋﯽ ﺩﯾﮑﮫ ﮐﺮ ﻣﯿﺮﮮ ﭘﺎﭘﺎ ﮐﻮ ﻣﺮﮔﯽ ﮐﮯﺩﻭﺭﮮ ﭘﮍﺗﮯ ﺗﮭﮯ ﻣﺒﺸﺮﻟﻘﻤﺎﻥ ﮐﻮ ﺩﯾﮑﮫ ﮐﺮ ﺣﻤﺰﮦﮐﻮ ﻟﻘﻮﮦ ﮨﻮ ﺟﺎﺗﺎ ﮨﮯ ﻣﺮﯾﻢﮔﻠﻮ ﺑﭩﻨﯽ,N
نہ ہی پوچھیں تو اچھا ہے,P
ملک میں بحث چل رہی ہے کہ نئے انتظامی یونٹس کا قیام ہو یا نہ ہو جو لوگ اس تقسیم کے خلاف ہیں ان کے پاس کوئی معقول جواز نہیں بس گاالیاں ہیں,N
لفافہ ھے بڑی چیز جہان تگ و دو میں پہناتا ھے بے شرم کو تاج سر دارااقبال سے معذرت کے ساتھ,N
میں نے ایٹم بم بنایا ھے او بھائی ایٹم بمب کوٹ لکھپت والی اتفاق فیکٹری میں نہیں بنتا ایٹم بم کہوٹہ کی ایٹمی,P
یہ لفظوں كى شرارت ھے سنبهل کر کچھ بهى ل كهنا تم محبت لفظ ھے ليكن یہ اكثر هو بهى جاتى ھے,P
ﭘﺎﮐﺴﺘﺎﻥ ﺁﺳﭩﺮﯾﻠﯿﺎ ﭨﯿﺴﭧ ﺳﯿﺮﯾﺰ ﺳﮯ ﻗﺒﻞ ﺑﯿﻦ ﺍﻻﻗﻮﺍﻣﯽ ﮐﺮﮐﭧ ﮐﻮﻧﺴﻞ ﻧﮯ ﭨﯿﺴﭧ ﺭﯾﻨﮑﻨﮓ ﺟﺎﺭﯼ ﮐﺮﺩﯼ ﮨﮯ,P
ان ہتھیاروں پر پابندی لگائی جائے دوستوں کے ساتھ ضرور شئیر کریں شکریہ,P
لاہور چھاپہ مار ٹیم نے موقع سے مردار گوشت ھی برآمد کرلیا عائشہ ممتاز,N
میری دعا ھے کہ نیا اسلامی سال ھمارے ملک کیلئے بہتری لے کر آئے مسلمانوں کو نئے اسلامی سال کی مبارک,P
پاکستان کی قومی کرکٹ ٹیم کے سابق کپتان شعیب ملک کا باوٴلنگ ایکشن بھی مشکوک قرار دے دیا گیا روزنامہ ا ردو پوائنٹ,N
زرداری نے زبان سے چندے کا لفظ منہ سے نکالا تو ٹوٹ پڑے اسکی اپیل پر لوگوں نے سمجھاشاید کہہ رہا ہے چ ندے یعنی دیوار میں چ ندے,N
ایم کیو ایم کو دھمکی آمیز خطوط بھیجے جا رہے ہیں رہ نما ایم کیوایم آصف حسنین,N
ﻻﮨﻮﺭ ﻣﺤﺮﻡ ﺍﻟﺤﺮﺍﻡ ﮐﮯ ﺍﺣﺘﺮﺍﻡ ﻣﯿﮟ ﺩﮬﺮﻧﺎ ﺧﺘﻢ ﮐﯿﺎ ﮔﯿﺎ ﺟﻠﺴﻮﮞ ﮐﺎ ﺳﻠﺴﻠﮧ ﺟﺎﺭﯼ ﮨﮯ ﭼﻮﺩﮬﺮﯼ ﭘﺮﻭﯾﺰ ﺍﻟﮩ ﯽ,P
محترم نواز شریف اور نون لیگ سے ایک سادہ سوال,P
صرف اسلام آباد میں بیٹھے رہنے سے عوام کا شعور بیدار کیا جا سکتا تو ڈاکٹر طاہر القادری,P
ﺑﻴﺸﮏ ﺍللہ ﻟﻮﮔﻮﮞ ﭘﺮ ﮐﭽﮫ ﻇﻠﻢ ﻧﮩﻴﮟ ﮐﺮﺗﺎ ﮨﺎﮞ ﻟﻮﮒ ہیﺍپنی ﺟﺎﻧﻮﮞ ﭘﺮ ﻇﻠﻢ ﮐﺮﺗﮯ ﮨﻴﮟ ﺳﻮﺭﮦ ﯾﻮﻧﺲ,P
استعفی دینے کے لئے باغی جتنی ہم ت چاہے,N
یزید کی وکا لت نہ کیا کر حسین نجات کا سفینہ ہے نظر آتاہے جس میں چہرہ کربلا تو بس اک آئینہ ہے,P
پنجاب میں ہونے والے ضمنی الیکشن میں حصہ لیں گے طاہر القادری سچ ٹی وی,P
ميری پرواز جاں ميں حائل ہے سانس ٹوٹے ہوئے پروں جيسی دل کي بستی ميں رونقيں ہيں مگر چند اجڑے ہوئے گھروں جيسی,P
مسجد میں ریپ کرنے والے امام کو سال قید صرف بیس مزید پڑھیں,N
حضرت مولانا محمود اشرف عثمانی صاحب مدظلہ حاجیوں کیلئے چند ھدایات,P
کراچی باپ بیٹے اورسابق ایف آئی اے ملازم سمیت افراد ہلاک,N
ہن تے سردیاں آ گیی ین نے لسی ویسے ہی مک جانی جے,P
امریکہ میں انگریز سنگر نے پاکستان کے حق اردو زبان میں گانا گا کر پاکستانیوں کے دل جیت لیے,P
سید تو خود مہاجر ہیں خورشید شاہ کیسا سید ہے جسے اپنے سید ہونے پر ندامت اور جاگیردار ہونے پر فخر ہے,N
مزیدار کھانا کھانے کے بعد اس نے بل منگوایا پیسے نکالنے کیلئے جیب میں ہاتھ ڈالا بٹوا نہ پا کر نادیدہ خوف سے اس,N
عوامی تحریک کے سربراہ ڈاکٹر طاہر القادری کا واپس کینیڈا جانے کا فیصلہ,P
کام بھی ایک جیسے ہوتے ہیں,N
لمحہ فکریہ,N
سیتا وای ٹ کا وقوعہ تو مملکت خداداد پاکستان کی حدود سے باہر کا ہے اس لیے اسلامی حد لاگو نہیں ہو سکتی,N
محسن طلوع ماہ محرم کے ساتھ ہیہر دل مثال شہر خموشاں اداس ہے,N
عمران خان صاحب کو اور اگست کی درمیانی شب یقینا یاد ہو گی جب انکے رفقا اور کارکنان جلسے کے بعد وہاں سے جا چکے,P
کچھ ایسی بات محرم کا چاند کہتا ہے کہ سال بھر م را د ل کربلا میں رہتا ہے,P
سعودی عرب القاعدہ کی حمایت پر خواتین کو سزائیں,N
هم اپنے حصے کا پاکستان ساتھ لائے پهلے پاکستان بنایا پهر یهاں آئے خواجه اظهار ایم کیو ایم,P
طاہر القادری صاحب ہاشمی کی طرح بے بنیاد انکشافات کب شروع کریں گے,N
حضرت اسما بنت یزید سے روایت ہے کہ رسول الله صلی اللہ علیہ وسلم نے ارشاد فرمایاکہ قیامت کے دن سب لوگ زندہ کیے جانے کے بعد ایک وسیع اور ہموار,P
کہیں پڑھا تھا جمیعت علما پاکستان بریلوی فقہ کے علما کی ہے لیکن یاد نہیں ٹھیک سے,N
پاکستان مسلم لیگ ن روشن پاکستان کا نشان,P
کراچی این ای ڈی یونیورسٹی میں ایڈمیشن کیلئے انٹری ٹیسٹ کا اعلان ہو گیا,P
مولانا ڈیزل سے ڈیزل خان تک کا شرمناک سفرڈیزل آ نہیں رہا ڈیزل آ گیا ہے,N
کرکٹ کی الف ب نہیں پتہ تو جنونی ہونے کا فائدہ کیا وہ سلیم یوسف ہے,N
ایرانی دہشتگرد امین شہیدی نے اگست کو اسلام آباد میں مولانا فضل الرحمن سے انتقام کا اعلان کیا تھاوہی ہوا بس الله نے مولانا کو بچا لیا,P
ﻻﮨﻮﺭ ﺷﮩﺮﻣﯿﮟ ﻣﺮﺩﮦ ﺟﺎﻧﻮﺭﻭﮞ ﮐﮯ ﮔﻮﺷﺖ ﮐﯽ ﻓﺮﻭﺧﺖ ﮐﺎ ﺍﻧﮑﺸﺎﻑ ﻓﺮﻭﺧﺖ ﮨﻮﻧﯿﻮﺍﻟﮯﮔﻮﺷﺖ ﻣﯿﮟ ﻣﺮﺩﮦ ﮔﮭﻮﮌﮮ ﺍﻭﺭﮔﺪﮬﮯ ﮐﺎ ﮔﻮﺷﺖ ﺑﮭﯽ ﺷﺎﻣﻞ,N
کچی شراب پی کر قائم علی شاہ شہید ھوگئے پٹواریوں کو اطلاع دی جاتی ہے کہ شاہ جی کی چیتا کو بعد از عصر جلایا جائے گا,N
اللہ جانے وے ماہی تیرا پیار کی اے دل دی اوداسی نی جاندی,P
نومنتخب ضلعی ذمہ داران جماعت اسلامی راولپنڈی جنرل سیکرٹری راجہ جواد احمد نائب امرا سجاد احمد عباسی ابو عمیر,P
اور اگر کہیں فٹ ہوتی تو وہاں کر بھی لیں,N
وزیر اعلی نے یقین دہانی کرائی کہ حکومت جرائم پر قابو پانے کیلئے تمام وسائل بروئے کار لائے گی,P
اگرچہ انسان کو مقدر سے زیادہ رزق نہیں ملتا لیکن رزق کی تلاش میں سستی نہیں کرنی چاہیے,P
قل ھواللہ احد اللہ الصمد لم یلد ولم یولد ولم یکن لہ کفوا احد,P
واہ جناب واہ اچھی رہی جناب خود کو فرشتہ سمجوں وہ انسان ہیں,P
اب سمجھ آرہی ہے انہی مولویوں کو نبی کریمﷺ کے وارث سمجھتے تھے آپ لوگ آی عقل ٹھکانے,N
دانشمندی نہیں ہے کہ آپ وزیر اعظم کا استعفے مانگتے مانگتے خود اپنے استعفی دیدیں تحریک انصاف اسمبلیوں میں بے شک نہ جائے لیکن استعفے نہ دے,N
بلوچستان میں جنگلی کتوں کو آزاد چھوڑنے کے بعد وزیر اعلی کہتے ہیں حالات کو خراب کرنے میں غیرملکی ہاتھ شامل ہے,N
یہ دقیق اور باریک گتھی اپ ہی سلجھائیں,P
تمام اہل اسلام کو نیا اسلامی سال مبارک ہو الله پاک یہ سال ہمارے لیئے رحمتوں اور برکتوں کا باعث بنائے ہمارے حال,P
اے اللہ اس ملک کے محسن عمران خان کو کامیابی عطا فرما اسے کبهی اپنے مخلوق کے سامنے نہ جهکاہمیں اسکا ساتھ دینے کی توفیق عطافرما,P
ﺁﺧﺮﯼ ﻓﺘﺢ ﺧﺎﻣﻮﺷﯽ ﮐﯽ ﮨﻮﺋﯽ ﺍﻭﺭ ﺁﻭﺍﺯ ﻓﻨﺎ ﮨﻮ ﮔﺌﯽ,P
نواز شریف کے استعفے کے بغیر کنٹینر سے نہیں نکلوں گا عمران خان جھوٹے ہر روز نکلتا ہے بنی گالا بھی جاتا ہے پ,N
زندگیقدم گھسیٹ گھسیٹ کے چل رہی تھی اور دن لمبے ہوتے جارہے تھے ایک دن ایک سال کے برابر ایک گھنٹا ایک دن جتنا,N
ہوشیار خبردار شھباز شریف کے چھوٹے بیٹے سلمان شھباز کا درد ناک و دلخراش سکینڈل منظر عام پہ آگیا ان واہیات ناسور,N
تحریک انصاف کا صدرہاشمی حساس وقت پر ساتھ چھوڑ جائے تو خان کوفرق نہیں پڑا قادری کے جانے سے کیوں پڑے گا جو تحریک انصاف کا ممبر بھی نہیں,N
عابدش رلی وہ شر لی ہے جو دھماکہ کم کرتی ہے بدب و زیادہ پھیلاتی ہے,N
ناچ گانے والا پاکستان نہیں چاہیے لیکن میری بیٹی اچها ناچتی ہے راناخطابت اور ٹهمکے ساتھ ساتھ شرمیلا,N
ھائے کیا چیز ھے محبت بھی,P
پھر نون لیگی کیسے جھیلتی ہیں وہ تو بہت عجیب ہیں ہر وقت ہی سڑے سڑے رہتے ہیں,N
ہم نے اپنے وجود کی چادر تنگ اپنے گمان پر کی ہے,N
لاہور ملاقات میں وفاقی اورصوبائی کابینہ میں ممکنہ ردوبدل پرتبادلہ خیال,P
ریاست خلافت اسلام کی محافظ اور مسلمانوں کے امور کی نگہبان ھوتی ھے اگر ان دونوں فرائض کی ادائیگی کو ترک کرتی ھے تو,P
نیوز چینلز کے پرائم ٹائم پر لایا گیا انقلاب اٹھ گیاخطرہ ہے انقلاب کے روح رواں قبض شکار نہ ہوں لہذا وقت پر اسبغول پی لیا کریں,N
نھی ان کو شرم نھی آتی کیونکه انھوں نے شرم بیچ کھائ ھے,N
بن بلائے آجاتا ہے کبھی سوال نہیں کرتایہ تیرا خیال آخر کیوں میرا خیال نہیں کرتا,N
دوستو تنقید کرنے سے پہلے یہ تو سوچیں کہ اگر دهرنہ ختم هو گیا هے تو پهر ان دهرنوں کا اعلان کیوں حقیقت میں دهرنہ,N
پہلے چاند تارے ہوا اور خوشبو اچھے لگتے تھے اب صرف تم,P
سنا ہے دھرنے میں سب کچھ مل رہا ہے کیا کوئ چرسی ھے,N
اگر دھرنے سے کچھ اچھا ہو تو کامیابی ہے ورنہ اس کا کیا کرنا,P
پاکستان تحریک انصاف کا اکتوبر کو استعفوں کے معاملے پر بات کرنے کیلئے اسپیکر قومی اسمبلی کے سامنے پیش ہونے کا فیصلہ,P
قومی اسمبلی دوہری شہریت والوں کو الیکشن لڑنے کی اجازت کا بل پیش جنوبی پنجاب کو الگ صوبہ بنانے کا مسترد,P
عوام کو مصروف رکھو بیوقوف بناتے رہو اور ملک لوٹتے رہوصوبے کا ڈرامہ رچا تے رہو کراچی کے عوام کو بیوقوف بنا تے,N
پیپلز پارٹی اپنے رویے کے باعث ایک صوبے کی جماعت بن گئی ہے فاروق ستار,N
جا چکے ھو مگر نہیں جاتے تم تو ہجرت کمال کرتے ھو,P
دوسرے اضلاع سے آنے والے ٹریفک وارڈنز اور افسران اپنے وائرلیس سیٹ اور گاڑیاں بھی ساتھ لائیں گے,P
یہ جو کچھ لوگ فرشتوں سے بنے پھرتے ہیں میرے ہتھ ے کبھی چڑھ جائیں تو ا نساں کر دوں,P
تھر میں بچے بھوک پیاس سے مر رہیں ہیں تم کہتے ہو سندھ نہ ڈیسوں,N
کہانی آپ ا لجھی ہے کہ ا لجھائی گئی ہے یہ عقدہ تب کھلے گاجب تماشا ختم ہو گا,N
شدید کھانسی ہے بھائی,N
لاہور جاں بحق ہونے والے رانا اشرف کے ورثا نے لاش سڑک پر رکھ کر احتجاج کرنا شروع کردیا,N
جو درد دل لوگ اور دھرنے میں شامل ھونے کی تمنا رکھنے والے دوست دھرنے ختم ھونے پر افسرد ہ ھیں اور اپنی بساط کے,N
کراچی لیاقت آباد ٹمبرمارکیٹ میں آتشزدگی کئی دکانیں جل گئیں,N
ہمارا یہ مطالبہ ائینی ہیں خالد مقبول صدیقی,P
مریم نواز کی یوتھ لون اسکیم کی چیرپرسن تعیناتی کے خلاف درخواست کی ہائیکورٹ میں سماعت,N
عوامی تحریک کے رہنما کی کارکنوں کو آبائی علاقوں میں جا کر بلدیاتی انتخابات کی تیاری کرنے کی ہدایت,P
بہت بہت شکریہ ہم نے تو مٹھائی کھانی ہے آپ سے,P
متوجہ ہونے کے لئے شکریہ یہ میرا ڈایلاگ ہے,P
پہلا ٹیسٹ آسٹریلیا کیخلاف پاکستان کی بیٹنگ جاری,P
عمران خان ان لوگوں کو سیاست میں لے آئے ہیں جن کیلئے سیاست ایک گالی تھی عمران خان کی پنجاب میں مقبولیت بہت بڑھی,P
پنجاب مزید افراد ڈینگی وائرس کا شکار,N
دہشتگردی میں جاں بحق گریڈ کیلیے لاکھ گریڈ کو لاکھ روپے امداد ملے گی وزیر اعظم میاں محمد نواز شریف,P
سیکیورٹی خدشہ عمران خان کے کنٹینر کے پیچھے کنٹینر رکھ دیئے,P
ایم کیو ایم کا سندھ حکومت اور آزاد کشمیر حکومت سے علیدگی کا علان فاروق ستار,N
ساتھ مل کے ہنسے گا مگر جب آپ رونا چاہو گے تو آپ کو دلاسہ دینے والے تو مل جائں گے مگر آپ کے ساتھ رونے والا کوئی,N
طاہر القادری محرم الحرام میں یورپ اور شمالی امریکا کا دورہ کریں گے ذرائع قادری پردیسی ہونے لگاہے,P
مولانافضل الرحمان نے جس طرح عورتوں سے متعلق بات کی ہے وہ انتہائی شرمناک ہے شیریں مزاری,N
مجھے ایسا لطف عطا کیا جو ہجر تھا نہ وصال تھامرے موسموں کے مزاج داں تجھے میرا کتنا خیال تھاکسی اور چہرے کو,P
علاقے کی ہر دل عزیز معروف شخصیت,P
ہاشم ویلفیئر سوسائٹی رجسٹرڈ پنڈی ہاشم کی ایدھی سنٹر کراچی میں ڈکیتی کی دلیرانہ,N
اللہ تعالی ہمیں باعلم اور باعمل بزرگان دین کی صحبت نصیب فرمائیں تاکہ ہماری اخلاقی تربیت ہوسکے اور گناہ کے ارادوں کا وہ علاج کرسکیں,P
لاہور انڈر ٹیم کا اعلان سعود سکیل کپتان برقرار,P
پتھرو تمہاری اوقات ھے کیا اس شخص کا دل اف توبہ,N
چل ٹھیک ہے,P
ابن ڈیزل ہوا کرے کوئی میرے درد کی دوا کرے کوئی,N
انقلاب میں پھٹے هوئے نوٹ بھی بطور چنده چل جائیں گے چندے سے انقلاب,P
جنگی ساز و سامان پر قبضے کی ویڈیو کی تحقیقات امریکہ کے محکمۂ دفاع نے کہا ہے کہ وہ دولت اسل,N
حلقہ بندیوں سے پہلے الیکشن کمیشن کے موجودہ ممبران مستعفی ہوجائیں اگر نہ ہوئے تو ان کا گھیراؤ بھی کیا جاسکتا ہے,N
بریکنگ سلیم کی گرفتاری کیلئے لیاری اورکورنگی میں چھاپے مارے گئے پولیس ذرائع,N
سردار بنے سے پہلے علم حاصل کرو کہیں ایسا نہ ہو کہ سرداری کا غرور تمہیں طلب علم سے روک دے اور تم جاہل بن کر زندگی گذارو سیدنا ع مر فاروق,P
بجلی کٹ گی لہذا چندہ براے ڈیزل ہے میرے چندہ,N
کھیل اور نماز الگ الگ ھیں اپ زرا پڑھا کریں مینڈک اچھے نھیں ھوتے,P
کابل مسجد میں ریپ کرنے والے امام کو سال قیدکی سزاسنادی گئی روزنامہ ا ردو پوائنٹ,N
چندے سے انقلاب لانے والی سوچ کو سات توپوں کی سلامی,P
حجر اسود وہ سیاہ پتھر جو بیت الله کے جنوب مشرق میں دروازے کی بائیں طرف والے کونے میں باہر کی طرف نصب ہے یہ پتھر جنت سے زمین پر آیا تھا,P
سہیل بخاری کا کہنا تھا کہ تعزیتی ریفرنس میں یاسین ملک کے قریبی دوستوں کی شرکت نہ کرنے پر انہیں بہت افسوس ہے,N
جو ھو سکے تو تنہائیوں میں پڑھ لینا تمہارے لئے دل کی کتاب لایا ھوں,P
جی دوستوآج کاسوال کیمرہ کس نے ایجاد کیا جواب دیں انعام جیتیں,P
کبھی کبھی یوز کرتا ھوں,P
مذہبی امور کے وزیر سردار محمد یوسف اور رکن قومی اسمبلی محمد صفدر نے اسلام آباد میں وزیر اعظم محمد نواز شریف سے ملاقات کی,P
کراچی عاشورہ محرم پر عزادارن کوہرممکن سہولیات فراہم کی جائیں رکن قومی اسمبلی محبوب عالم,P
شرمناک پراپگینڈامیرا بھائی جامع گجرات میں پڑھتا ہے اس نے تو ایسی کوئی رپورٹ نہیں دی اس نے,N
وزیر اعظم کے استعفی تک دھرنا ختم نہیں کروں گا عمران مزید پڑھیئے,P
حالات کے مطابق فیصلے لینا پڑتے ہیں عوامی تحریک سرمایا داروں کی جماعت نہیں کے صرف اپنی انا کی خاطر اتنے ریسورسز,N
بس پڑوس ملک سے بھی جاننے والے کافی ہیں,P
یکم محرم الحرام یوم فاروق اعظم رضی الله عنه ملک بھر میں مذهبی عقیدت و احترام سے منایا جاے گا سیدنا عمر فاروق,P
پهر بهائی مجهے میں بتا دیں میں جاننا چاہتا ہوں کون ہے وہ,P
بجلی کی قیمتوں میں اضافہ واپس,P
گناہ انسانی روح کے لئے زہر کا درجہ رکھتا ہے,N
پاکستان سکور ایک وکٹ کے نقصان پر پاکستان کو رنز کی مجموعی برتری احمد شہزاد اوریونس خان پر ناٹ آؤٹ,P
برازیل میں بصارت سے محروم خواتین کے لیے ڈانس اسکول کھول دیا گیا جن کی مہارت کو داد دیئے بغیر کو,N
ﺍﺳﺘﯿﻌﻔﯽ ﻣﺎﻧﮕﻨﮯ ﻭﺍﻟﮯ ﭼﻨﺪﮦ ﻣﺎﻧﮕﻨﮯ ﭘﺮ ﺁﮔﺌﮯ,N
آپکی ٹوئیٹس کے کیا کہنے ماشا اللہ اللہ پاک آپ کو ڈھیروں اجر عطا فرمائے آمین,P
ڈات کے کهڑا هے آب عمر انٹهیک کرے گا سب کپتان نیا بنے گا پاکستان نیا بنے گا پاکستان انشا آللہ,P
بادام بیش بہا فوائد کا حامل جسمانی اور دماغی قوت اور قوت حافظہ میں اضافہ کرتا ہے دماغ اور آنکھوں کے لئے بہترین,P
پشاور حزب اختلاف کی جانب سے محمد علی شاہ کا نام سامنے آیا,P
اور اضافی لوڈ شیڈنگ پر کس کو ذمہ دار ٹھیرایا جائے,N
ایڈا توں مڑیکا دا صدرمیں آپ مصروف ھو نہہ,P
مشیر کے عہدے کیلئے لطیف بٹ کی جگہ خالد محمود لیں گے,P
حضرت علی رضی اللہ عنہ کہتے ہیں رسول اللہ صلی اللہ علیہ وسلم نے فرمایا مہدی ہمارے اہل بیت میں سے ہو گا اور,P
حنیف محمد کے پوتے شہزر محمد نے پاکستان کرکٹ میں پی آئی اے کی طرف سے سنچری بنا کر ریکارڈ بک میں اپنا نام منفرد تعارف کے طو پر درج کرا دیا,P
پھلا ٹیسٹ پاکستان اسڑیلیا کے خلاف ٹاس جیت کربیٹنگ کافیصله خضربلوچ,P
ہر کچھ عرصے بعد انقلاب کے نام پر یہ ناٹک اس خوف کے پیش نظر رچایا جاتا ہے کہ عوام کہیں حقیقی انقلاب کے لئے ہی کھڑے نہ ہو جائیں,N
خورشید شاہ کے توہین رسالت و توہین صحابہ کا مرتکب ہونے پر تھانہ سکھیکی منڈی ضلع حافظ آبادمیں درخواست جمع,N
تحفظات دور کرنے کی بجائے معطل کر دیا گیا جاوید نسیم,N
شامی صاحب تو ایڈیٹر اور تجزیہ نگار ہیں میں رپورٹر ہوں جو اینٹ اٹھاتا ہوں بڑے بڑے کرپشن سکینڈل نکلتے تو میں جذباتی کیوں نہ ہوں رؤف کلاسرا,N
محکمہ موسمیات کیمطابق بحیرہ عرب میں ہوا کے کم دباؤ میں مزید شدت آرہی ہے امکان ہے آئندہ گھنٹوں میں یہ سمندری طوفان میں تبدیل ہوجائے گا,N
استعفی کی بعد تو ہم پارلیمنٹ سے ہی باہر ہو جائیں گے قادری کی طرح ہمیں شرپسند عناصر کہا جائے گا,N
حضرت عمر کی شان زاہدانہ,P
لاہوریوں نے اجتماع عام کے لیے دل کے دروزے کھول دیے ڈونرز کانفرنس میں ڈیڑھ کروڑ سے زائد رقم جمع کروا دی,P
سلسلہ وار پڑھنے کے لیے,P
گلی گلی میں شور ہے عمران خان ڈیزل چور ہے چندے سے انقلاب,N
کاش مفتی محمود اس رات صبر کر لیتے اور قوم اتنے بڑے حادثے سے بچ جاتیکاش ڈیزل پیدا نہ ہوتا,N
سانحہ ہزارہ کے ملزموں کو جلد از جلد گرفتار کیا جائے گا عبدالمالک بلوچ,N
حضرت عمر نے سعد بن وقاص کے نام فاروقی حکم نامے میں لکھا جومال تقسیم کے بعد بچ جائے اسے قرآن کی تعلیم حاصل کرنے والوں کو دے دینا مشاہیر الاسلام,P
جزاک اللہ میں اسی کے انتظار میں ابھی تک سویا نہیں,P
جی بلکل کرپش سے انقلاب آتے هین,P
قادری انکل نے جو کفن س لوایا تھا نواز حکومت کے لیے وہ کہاں گیا,N
لاہور وائرس کے مریضوں کے علاج کے لئے تربیت دی جارہی ہے ڈی جی ہیلتھ,P
بنگلہ دیش کی بڑی سیاسی پارٹی جماعت اسلامی کے سابق سربراہ غلام اعظم انتقال کر گئے ہیں,N
استعفی دوتحریک اب استعفی لواورچندہ دوتحریک میں بدل گئی مریم نواز کاٹویٹ,N
ﺍﻧﻘﻼﺏ ﮐﺎ ﺍﯾﺠﻨﮉﺍ ﻧﮧ ﺑﺪﻻ ﮨﮯ ﻧﮧ ﺑﺪﻟﮯ ﮔﺎ ﮐﯿﺌﺮﭨﯿﮑﺮ ﺣﮑﻮﻣﺖ ﺑﮭﯽ ﻗﻮﻣﯽ ﺣﮑﻮﻣﺖ ﺑﻦ ﺳﮑﺘﯽ ﮨﮯ ﻣﮕﺮ ﻣﮏ ﻣﮑﺎ ﻭﺍﻟﯽ ﺣﮑﻮﻣﺖ ﻧﮩﯿﮟ ﭼﺎھتے طاہر القادری,P
پاک چین سرحدوں کی نگرانی کیلئے بھارت کا ڈرون طیارے استعمال کرنے کا فیصلہ روزنامہ ا ردو پوائنٹ,P
جلسہ ضلع گجرات کی تاریخ کا ناقابل فراموش اور,N
جو بے حس حکومتیں ہوتی ہیں ان کی پشت پر باہر سے ہاتھ ہوتا ہے جیسے ہماری معیشت کو آئی ایم ایف نے سنبھال رکھا ہے جنرل حمید گل,N
قرب کے نہ وفا کے ہوتے ہیں سارے جھگڑے انا کے ہوتے ہیں بات ہوتی ہے صرف نیت کی وقت سارے د عا کے ہوتے ہیں بھول,P
سعودیہ عرب میں ٹریفک حادثہ پاکستانی جاں بحق ہوگئے,N
غازی تربیلہ گورنمنٹ پرائمری اسکول الدو میں دوران اسمبلی بجلی کی تارگرگئی طلبہ جھلس کرزخمی اسپتال منتقل پولیس,N
رسول اللہ نے فرمایا تم سے پہلی امتوں میں کچھ ایسے لوگ تھے جن سے فرشتے باتيں كرتے تهے اگر میری امت میں کوئی ہوتاتووہ عمرہوتے,P
ہم پیپلز پارٹی سے اپنے حکومتی تعلقات کو ختم کررہے ہیں فاروق ستار,N
جہلم تحریک إنصفاف سونامی کی لہریں سولہ نومبر کو جہلم سے ٹکرایں گی,N
آگیا ماہ محرم بچھ گیا فرش عزا عرش سے انسو بہانے آگئی ہے فاطمہ ع زیادہ سے زیادہ شیئر کریں اور کمینٹ کریں,P
ایک جماعت سندھیوں کے جذبات سے کھیل رہی ہے کہ مہاجر قابض ہو رہے ہیں جبکہ دوسری جماعت مہاجروں کے جذبات سے کہ سندھی قابض ہو رہے ہیں,N
ہاں اج کچھ پرابلم ہے ٹیوٹر میں ٹھیک سے اپڈیٹ نہیں ھورہا ٹیوٹر کچھ کرو,N
خوبصورت نظم تمہیں یاروں مبارک ہو عمرابن خطاب آیا خدا سے میں نے مانگا تھا دعاؤں کا جواب آیا سیدنا عمر فاروق رضی اللہ تعالی عنہ,P
دوبئی ٹیسٹ کے پہلے دن پاکستان کی آسٹریلیا کے خلاف بیٹنگ مشکلات کا شکار میچ پی ٹی وی سپورٹس پر براہ راست,N
آپ کہاں سے ہو بھیا کینیڈا سے یا شوکت خانم ہسپتال میں پیدا ہوئے تھے چندے سے انقلاب,N
راولپنڈی فتح جنگ میں وین اور ٹینکر کی ٹکر لوگ فوت زخمی جماعت اھلسنت کی طرف سے کراچی میں حضرت عمررضی کی شھادت کے موقعے پر ریلی نکالی گئی,N
مار دیا جائے ک چھوڑ دیا جائے بول تیرے ساتھ کیا سلوک کیا جائے,N
مولانا صاحب آپ کی عزت لوگ آپ کے والد صاحب کی وجہ سے کرتے ہیں کل آپ کے مدرسوں پر بھی کئی سوالات اٹھ سکتے ہیں,P
جب تک ذندہ ہوں یہیں بیٹھوں پاکستان خان وطن کی مٹی مجھے ایڑیاں رگڑنے دے مجھے یقین ہے کہ چشمہ یہیں سے نکلے گا,P
ایسے بنے گا نیا پاکستان اور ملک کے نام نہاد وارثوں خوش ہو,N
آفریدی کی زیر قیادت آئی ڈی پیز پاک فوج کے درمیان نمائشی میچ جاری ہے,P
سوشل میڈیا پہ تو ہر کوئی کچھ بھی کہہ لیتا ھے اگر آپ احمدیوں کے لئے پرنٹ یا الیکٹرونک میڈیا پہ آواز اٹھائو تو بات اے,P
اپنے آپ کو سزا ملے تب احساس ھوتا ھے اب بھی وقت ھے مبشر اپنے گناھوں کی قوم سے اور الله سے معافی مانگے,P
ﺍﮔﺮ ﺍﻧﺴﺎﻥ ﺍﭘﻨﮯ ﺍﻭﺭ ﺍﻟﻠﮧ ﮐﮯﺩﺭﻣﯿﺎﻥ ﺗﻌﻠﻖ ﮐﯽ ﺍﺻﻼﺡ ﮐﺮ ﻟﮯﺗﻮ ﻣﺨﻠﻮﻕ ﺳﮯ ﺗﻌﻠﻖ ﮐﮯ ﻣﻌﺎﻣﻠﮧ ﻣﯿﮟ ﺍﻟﻠﮧ ﺍﺱ ﮐﮯ ﻟﯿﮯ ﮐﺎﻓﯽ ﮨﻮﺟﺎﺗﺎ ﮨﮯ,P
ڈانس ڈائریکٹر پپو سمراٹ نے اپنے کام کا مظاہرہ کیا,P
ڈرتا ہوں دیکھ کر دل بے آرزو کو میں سنسان گھر یہ کیوں نہ ہو مہمان تو,N
دھرنا ختم کرنے پر عوامی تحریک کے کارکن رو پڑے یہ خبر ایسے لوگ بھی شئیر کر رہے ہیں جو دن رات یہ کہا کرتے تھے,N
پہلی بار مجھے بھی جب کسی نے انکل کہا تھا تو دل دکھا تھا لیکن آہستہ آہستہ عادت ہو گئی ہے آپ کو بھی ہو جاے گی,N
یورپ کینیڈا اور امریکہ کے عوام اپنے پیسے اور زیور کی سخت حفاظت کریں ورنہ وہاں بھی چندے سے انقلاب آ سکتا ہے,N
اک کھیل نے ہمارا مقدر بدل دیا وہ تو ہمیں پکار کر ایسا چھپا کہ زوبی,P
نہیں کوئ امکان ملنے کا تم سے مگر بات کرنے کو جی چاہتا ھے,P
میں ح ر ہوں ابھی لشکر یزید میں ھوں میرا حسین ابھی کربلا نہیں پہنچا,P
بے بس بھکاریوں کی طرح توڑ کر انا کشکول لے کے تیرے در و بام تک گے,N
افسوس ہمارا معاشرھ اسی بحث میں الجھا ھے ویسے بتادوں کہ کوئی ایڈوانٹیج نہیں تھا خاتون ھونے کا,N
لوہا نائلون پرانا پلاسٹک ٹین ڈبے پتریاں گراریاں پرانے ٹائر ٹیوب یہ سب چیزیں چندے سے انقلاب میں کافی مددگار ہو سک,N
نظریہ شخصیات سے بہت بڑا ہو تا ہے کامیابی انشاالہ قریب ہے ہمیں بس ایک دوسرے کی ضرورت ہے جو ایک نظریے پر اکھٹے ہوں متحد ہوں اور ہم ہیں,P
مٹھائی ہم امپائر کی انگلی کھڑی ہونے کے بعد کھائیں گے پہلے جنریٹر کے لئے ڈیزل منگوا لوں,P
حلقہ خواتین کے تحت ملک بھر میں اجتماع عام کے سلسلے میں بریفنگ اور ملاقاتوں کا سلسلہ جاری,P
نئے بجلی میٹرز کے حوالے سے خبریں بے بنیاد وزیر اعظم معائنہ کمیشن,N
آج آپکو یہ راز بھی بتائے دیتی ھوں ڈی چوک میں ایک انقلابی بابا جن والے بھی موجود تھے اور ہمارا میڈیا لاعلم ہی رہااس ڈرامہ سے,P
بہت بہت شکریہ خیر م بارک آپکو بھی م بارک ہو,P
وہ تو بس ایسے ہی دل چاہ رہا تھا میرا ڈائلاگ مارنے کا,P
پاکستانی کرکٹ ٹیم نے آج آسٹریلیا کے ساتھ وہ کیا ہے جو آفریدی سو میچوں کے بعد کسی ایک میچ میں کرتا ہے,N
جانے دیں سر جی,P
زندگی بھی تو پشیماں ہے یہاں لا کے مجھے ڈھونڈتی ہے کوئی حیلہ مرے مر جانے کا,N
ھم شھزاد کوروتے ھیں یہاں سیانہ بیانہ معین خان بھی سیلفیاں لیتاھے,N
چندے سے انقلاب انقلاب تو بهاگنا ہی تها جہاز سے کنٹینر سے جہاز ا,N
گو نواز گوگو قادری گوگو شہباز گوگو ذرداری گوگو بلاول گوگو,N
چندے سے انقلاب اور تھ ک میں پکوڑے تلنا,N
یونین آف جرنلسٹس لاعلمی کی بہترین مثال ہے,N
گلی میں پھرتا ھے رات بھر کوئی گلے میں نیند کا تعویز ڈالے ھوئے,N
عمران اگر اپنے بچوں کی صحیح تعداد بتا دے اور اپنا ڈوب ٹیسٹ که وه نشئی نھیں ھے وه چیک کروا تو شاید کچھ اور لوگ اس کی حمایت کردیں,P
پی آئی اے میں ڈائریکٹرز کے تقرر کی اجازت کام کررہے ہیں,P
محبت مجھے ان جوانوں سے ہے ڈیزل پے جو ڈالتے ہیں کمند علامہ عمران اقبال خان,P
اچھا اچھا صدر میں گھوم رہیں وہاں میرے پ ھپ ھا کی د کان تھی لائف ب کس کے نام سے اور کراچی کمپنی میں فاران ب کس کے نام سے,P
خدانخواسته عمران خان تیرے گھر گھس گیا تو کیا هو گا اس کی تصویر بھی لگا دو,N
شب وصال جلدی آجاوے گی اگر تو کسی ہور ہانڈی پر توجہ مرکوز کرلے گھر والوں کو پتا تو چلے منڈا جوان ہو گوا,P
شکریہ لیکن مت ضرور وج گئی ہے اب خان صاحب کو بھی خیال کرنا چاھیے,N
یار کرپشن ایک ایشو ہے اقربا پروری فنڈز کا ناجائز استعمال تھانہ اور پٹواری کلچر بہت چیلنجز ہیں,N
دلالوں کی اصلیت اب کسی سے چھپی نہیں رہی ہے کل تک جو نظام لپیٹنے کی باتیں کر رہے تھے آج کھسیانے ہو کر اسی نظام,N
ٹین ایجر تو بچے ھوتے,P
طریقه تو غلط هے اوربدعت هے مگر طلاق پڑتی هے,N
دنیا گول هے چندے سے چندے تک کا سفر چندے سے انقلاب,P
حق پرست رکن سندھ اسمبلی سمیتا افضال کی علالت پر جناب کا اظہار تشویش,N
آج کوئٹہ میں جمہوریت کی گاڑی پر حملہ ہو گیا گاڑی بلٹ پروف تھی جس کی وجہ سے جمہوریت بچ گئی,N
ڈیزل ہیں تیری آنکھیں دھرنا ہے تیری چیخیں,N
وہ رفاقتیں نہیں بھولے کہ تیرے بغیر ایک لمحہ بھی بہت سوگوار ھوتا تھا,N
تمام مسلمانوں کو نیا اسلامی سال مبارک شہادت امیر المومنین سیدنا فاروق اعظم علیہ السلام اور سیدنا حسین علیہ السلام پر ہدیہ تعزیت,P
وہ جو بیچتے تھے دوائے دل وہ دکان اپنی بڑھا گئے شاہراہ دستور سے عوامی تحریک کے کارکنوں کی واپسی سی ڈی اے نے صفائی مہم شروع کردی,P
دس روپے کے بعد یہ اب کالے بکرے کی سری بھی مانگیں گے چندے سے انقلاب,N
اسپورٹس پاکستان پھرین ٹیسٹ جی بی اننگ تی ڈکلیئر کری آسٹریلیا کی رنسن جو ٹارگیٹ ڈئی چھڈیو,P
بالی وڈ اداکارہ ریکھا سپر نانی بن گئیں,P
وہ لوگ جنھوں نے ہندوؤں کی دیکها دیکهی کل دیوالی منا ئ یامبارک باددی ان سے پوچھنا یہ ہے کہنیکسٹ,P
بوٹسوانہ این خامہ دوسری مرتبہ ملک کے جمہوری صدر منتخب بوٹسوانہ ڈیموکریٹک پارٹی نے عام انتخابات میں میں سے نشستیں حاصل کیں,P
خیبر ایجنسی باڑہ سپاہ میں شدت پسندوں کے ٹھکانوں پر ہیلی کاپٹرز کی شیلنگ,N
حضرت امام حسین رضی اللہ عنہ,P
لاہور سروسز ہسپتال میں آئی سی یو قائم کردیا گیا ڈی جی ہیلتھ,P
عیش کرو کم پڑجائے تو بکرے کا سر بھی ہے,P
شاباش اچھی تربیت ہے اس طرح کی زبان اپنے گھر بھی استعمال کریں کافی فائدہ ہو گا اگر فائدہ نا ہوا تو افاقہ ضرور ہوگا,P
یہی دل تھا کہ ترستا تھا مراسم کے لئے اب یہی ترک تعلق کے بہانے مانگے,N
کاش مجھے ڈیزل مولانا بنایا ہوتا یا دھرنے سے قادری کی جگہ مجھے اٹھایا ہوتا,P
مشرق وسطی میں امریکا اپنی ہی پالیسیوں کے نتائج بھگت رہا ہے,N
عالم پناہ نے جان نہیں لی شکر نہیں کرتے,P
پشاور میں آب درہ روڈ پر واقع پلازہ میں سلنڈر دھماکہ دھماکے میں خاتون سمیت ا فراد زخمی,N
ہ نئی احتیاط دیکھی ہے آئینے سے حجاب کرتے ہوایک دن نہ عدم جو پی تو کیاروز شغل شراب کرتے ہوعبدالحمید عدم,N
تحریک انصاف ضمنی انتخابات میں حصہ نہیں لے گی ترجمان شیریں مزاری جی ہان مگر قبضہ مافیا اور لوٹوں کی حمایت ضرور کرے گی,N
یہ ا ڑی ا ڑی سی رنگت یہ ک ھلے ک ھلے سے گیسو تیری صبح کہ رہی ہے تیری رات کا فسانہ,P
لالے کی جان جب کشکول ہاتھ میں ہو تو اسے خلیفہ نہیں کہیں گے ہی کہیں گے نا,P
حکمران سے اچھائی کی توقع بے سود جو اپنوں کو نواز تے رہیں گے اور غریب عوام جائے بھاڑ میں ان کی بلا سے,N
منہ توڑ جواب پاگلوں کا جنگی جنون اور معصوم لوگوں کا قتل عام بس یہی ہے وہ کہانی,N
ملک بھر میں سردی نے اپنی جھلک دکھلا دی,N
ریالٹی تو یہ ہے ہمارے دونوں انقلابی گو نواز گو اور جلسوں کو اپنی کامیابی قرار دے رہے ہیں یہ دونوں کام تو ان دھرنوں کے بغیر بھی ہو سکتے تھے,P
عوامی تحریک کے چیئرمین ڈاکٹر طاہر القادری نے شاہراہ دستور پر روزہ جاری دھرنا ختم کر کے جہاں حکومت کو ریلیف دیا,P
آپ کی بات ٹھیک ہو سکتی ہے کیونکہ یہ تو کوی خاتون ہی صحیح حقیقت حال واضح کر سکتی ہے شکریہ,P
کوئی آہٹ کوئی جنبش کوئی دستک نہیں ہوتیہمارے شہر ویراں میں بڑی فرصت کا موسم ہے,N
اوہ معذرت بے دھیانی کئی مہینوں بعد فون سننا پڑ گیا دماغ ہی بند ہوگیا عادت نہیں فون پر بات کرنے کی پ,N
افغانستان آخری امریکی اور برطانوی دستوں کا آپریشن ختم کرنے کا فیصلہ,P
ایم کیو ایم کو منانے کی کوئی کوشش نہیں کی رحمان ملک گویا اس بار خود ہی ذلیل ہو کہ واپس آ جاویں گے جیسے طاھر کینیڈوی ذلیل و رسوا ہو کہ آ گئے,P
توکیاوہ ہم کوہرجرم کی سزا دے گاپھراپنے رحم و کرم کا ثبوت کیا دے گامیں روز حشر کا قائل ھوں پھر بھی ہنستا ھوں کہ بندہ خدا کو حساب کیا دے گا,N
ڈیزل ڈیزل کردی وے میں آپے ڈیزل ہوئ سدو وے مینوں ڈیزل خان عمران نہ آکھے کوئ,N
ہمارے ممبر چچا چنگم کی جانب سے بلاول کی کراچی جلسے میں کی گئی تقریر کی زبردست پیروڈی بھابی ہوں میں بھابی ہوں,N
بھائی کیا کہیں چاہ ہی ختم ہو گئی ہے,N
ٹویٹر معاشرے کی تباہی اور تمام برائیوں کی جڑ ہے سعودی مفتی اعظم,N
کپتان مصباح الحق کا کہنا ہے کہ وہ اپنی کارکردگی سے بہت مطمئن ہیں کینگروز کے خلاف کامیابی کے لیے نئے کھلاڑیوں کو اعتماد دینا ہوگا,P
الھم صلی علی محمد ﷺ,P
ﻮﮔﻮﮞ ﺳﮯ ﺩﮬﺮﻧﮯ ﮐﮯ ﻟﯿﮯ ﭼﻨﺪﮦ ﻣﺎﻧﮕﻨﮯ ﻭﺍﻻ ﺍﭘﻨﺎ ﮐﻨﺎﻝ ﮐﺎ ﺑﻨﯽﮔﺎﻟﮧ ﮐﺎ ﮔﮭﺮ ﮐﯿﻮﮞ ﻧﮩﯿﮟ ﭘﯿﺞ ﮐﺮ ﺩﮬﺮﻧﮯ ﮐﮯ ﺧﺮﭼﮯ ﭘﻮﺭﮮ ﮐﺮﺗﺎ,N
فیصلہ عوام دا پرویز راٹھور حرام دا سیاسی لطیفے,N
اگر کراچی اور حیدرآباد میں ایم کیو ایم مظبوط ہے تو اسکی سب سے بڑی وجہ پیپلز پارٹی کی بیڈ گورننس اور اربن سندھ کو نظر انداز کرنا ہے,N
چور زیاده شور مچاتا ھے کورٹس زنده آباد اور قادری عمران اور مبشر سازشی مرده آباد,P
اگر تحریک انصاف اسمبلیوں سے استعفے دیدے گی تو یہ سیٹیں ن لیگ مولانا فضل الرحمان اے این پی ایم کیوایم کے پاس چلی جائیں گی,P
بعض دفعہ اللہ کی طرف سے کسی شخص کا پیغام بول یا ٹویٹ آپ کے اندرونی تذبذب کو رفع کر دیتا ہے عین اسوقت جب آپ اس خلجان میں مبتلا ہوتے ہیں,P
پیار ایک بار ہوگا بار بار نہیں ہوگا,P
جس کو اللہ کے نبی ﷺ نے شہادت کی خوشخبری دیدی,P
اس بات کو ماننے میں کوئی تعامل نہیں کہ ہم اپنے مقصد میں کامیاب نہیں ہوئے مگر ہم نے اس نظام پر کاری ضرب ضرور,N
ہنہ کوتاہیوں سے سبق فرشتے غلطیاں نہیں کرتے کنٹینرخان,N
تاکہ سوشل میڈیا پرختم نبوت کے کام کو بہتر اور منظم انداز میں کیا جاسکے ساتھی کل ہونے والی کانفرنس میں شرکت لازمی بنائیں چناب نگر کانفرنس,P
طاہر القادری کے نام کیسی انوکھی داستان سب کو سنا گیاایک شخص سارے ملک کو ماموں بن بنا گیا,N
