sentence,label_name
makes the material seem genuine rather than pandering . ,positive
see people working so hard at leading lives of sexy intrigue ,positive
", hole-ridden plotting ",negative
"by turns gripping , amusing , tender and heart-wrenching ",positive
that was inexplicably rushed to the megaplexes before its time ,negative
"the audience when i saw this one was chuckling at all the wrong times , and that 's a bad sign when they 're supposed to be having a collective heart attack ",negative
a hokey piece of nonsense ,negative
shockingly manages to be even worse than its title ,negative
speaks more of the season than the picture ,negative
"in all its director 's cut glory , ",positive
it offers hope ,positive
but overall the halloween series has lost its edge ,negative
written and directed with brutal honesty and respect for its audience . ,positive
carry the film with their charisma ,positive
expressing the way many of us live -- someplace between consuming self-absorption and insistently demanding otherness ,negative
out of eudora welty ,positive
"a particularly slanted , gay s/m fantasy ",negative
just plain bad ,negative
the passions that sometimes fuel our best achievements and other times ,positive
", steven soderbergh 's space opera emerges as a numbingly dull experience . ",negative
leaves a lot to be desired . ,negative
"is surely everything its fans are hoping it will be , and in that sense is a movie that deserves recommendation ",positive
walks a tricky tightrope between being wickedly funny and just plain wicked ,negative
"especially williams , an american actress who becomes fully english ",positive
"is clever and funny , is amused by its special effects , ",positive
baked cardboard ,negative
"imagine any recent film , independent or otherwise , that makes as much of a mess as this one ",negative
they used to anymore ,positive
"director uwe boll and writer robert dean klein fail to generate any interest in an unsympathetic hero caught up in an intricate plot that while cleverly worked out , can not overcome blah characters . ",negative
"keenly observed and refreshingly natural , swimming gets the details right , from its promenade of barely clad bodies in myrtle beach , s.c. , to the adrenaline jolt of a sudden lunch rush at the diner . ",positive
"all of the elements are in place for a great film noir , but ",positive
exceptionally dreary and overwrought bit ,negative
's pauly shore awful ,negative
armed with a game supporting cast ,positive
"stops being clever and devolves into flashy , vaguely silly overkill . ",negative
the goodwill the first half of his movie generates by orchestrating a finale that is impenetrable and dull ,negative
is a film -- full of life and small delights -- that has all the wiggling energy of young kitten ,positive
never so vividly ,positive
slightly humorous and tender story ,positive
loathe him ,negative
"funny , insightfully human ",positive
are not to be dismissed . ,positive
"even in the summertime , the most restless young audience deserves the dignity of an action hero motivated by something more than franchise possibilities . ",negative
terrorists are more evil than ever ! ,negative
parapsychological phenomena and the soulful nuances ,positive
of black indomitability ,negative
sweet-tempered ,positive
jacquot 's strategy allows his cast the benefit of being able to give full performances ... while demonstrating vividly that the beauty and power of the opera reside primarily in the music itself . ,positive
of director abel ferrara ,positive
is an imaginative teacher of emotional intelligence in this engaging film about two men who discover what william james once called ` the gift of tears . ' ,positive
enlightening ,positive
"pathetic acting , poorly dubbed dialogue and murky cinematography ",negative
", folks , it does n't work . ",negative
good taste ,positive
"soulful , incisive meditation ",positive
"yet not as hilariously raunchy as south park , this strangely schizo cartoon seems suited neither to kids or adults . ",negative
close to real life ,positive
bad film you thought was going to be really awful ,negative
"some of the filmmakers who have directed him , especially the coen brothers and steven soderbergh ",positive
a crucial third act miscalculation ,negative
"'s a powerful though flawed movie , guaranteed to put a lump in your throat while reaffirming washington as possibly the best actor working in movies today . ",positive
nothing really happens ,negative
resonant chord ,positive
a kitchen sink ,negative
"this charming but slight tale has warmth , wit and interesting characters compassionately portrayed . ",positive
caring for animals and respecting other cultures ,positive
"dip into your wallet , swipe 90 minutes of your time , ",negative
maintained ,positive
"old-fashioned , occasionally charming ",positive
what does n't this film have that an impressionable kid could n't stand to hear ? ,positive
is a remarkably original work ,positive
"the places , and the people , ",positive
a jaunt down memory lane for teens ,positive
shining ,positive
not to believe it ,negative
most pleasurable expressions ,positive
is the distinct and very welcome sense of watching intelligent people making a movie ,positive
a deliciously nonsensical comedy about a city coming apart at its seams . ,positive
essentially ruined -- or ,negative
"in the end , the weight of water comes to resemble the kind of soft-core twaddle you 'd expect to see on showtime 's ` red shoe diaries . ' ",negative
delivers a perfect performance that captures the innocence and budding demons within a wallflower ,positive
into a mundane '70s disaster flick ,negative
may well ,positive
"escape the heart of the boy when the right movie comes along , especially if it begins with the name of star wars ",positive
"films had the ability to mesmerize , astonish and entertain ",positive
far more successful ,positive
in a big corner office in hell ,negative
had a serious urge to grab the old lady at the end of my aisle 's walker and toss it at the screen in frustration ,negative
violent and mindless ,negative
"a bland , obnoxious 88-minute infomercial for universal studios and its ancillary products ... ",negative
to slap her creators because they 're clueless and inept ,negative
wastes its time on mood ,negative
"the kind of lush , all-enveloping movie experience ",positive
"be prescribed than recommended -- as visually bland as a dentist 's waiting room , complete with soothing muzak and a cushion of predictable narrative rhythms ",negative
coal is n't as easy to come by as it used to be and this would be a worthy substitute for naughty children 's stockings ,negative
this in recompense : a few early laughs scattered around a plot as thin ,negative
a serious urge to grab the old lady at the end of my aisle 's walker and toss it at the screen in frustration ,negative
a glimmer ,positive
"a retooling of fahrenheit 451 , and even as a rip-off of the matrix ",negative
", one would be hard-pressed to find a movie with a bigger , fatter heart than barbershop . ",positive
our best achievements and other times ,positive
"in addition to the overcooked , ham-fisted direction , which has all the actors reaching for the back row ",negative
do n't think most of the people who loved the 1989 paradiso will prefer this new version ,negative
"it 's mildly entertaining , especially if you find comfort in familiarity . ",positive
hunky has-been ,negative
eventually resents having to inhale this gutter romancer 's secondhand material ,negative
of this alleged psychological thriller in search of purpose or even a plot ,negative
", the viewer is left puzzled by the mechanics of the delivery ",negative
"a slick , engrossing melodrama . ",positive
the intelligence or sincerity it unequivocally deserves ,positive
was more diverting and thought-provoking than i 'd expected it to be . ,positive
"is contrived , unmotivated , and psychologically unpersuasive , with an inconclusive ending . ",negative
i have n't seen such self-amused trash since freddy got fingered . ,negative
has stopped challenging himself ,negative
"'s all-powerful , a voice for a pop-cyber culture that feeds on her bjorkness . ",positive
terribly episodic and lacking the spark of imagination that might have made it an exhilarating ,negative
well-edited ,positive
poetry in motion ,positive
quite a comedy ,positive
is smart and entirely charming ,positive
intriguing ,positive
different ( and better ) ,positive
has a pleasing way with a metaphor . ,positive
find comfort in familiarity ,positive
is refreshingly undogmatic about its characters . ,positive
is no doubt that krawczyk deserves a huge amount of the credit for the film 's thoroughly winning tone ,positive
eloquently about the symbiotic relationship between art and life ,positive
humorous and ,positive
"there is no solace here , no entertainment value , merely a fierce lesson in where filmmaking can take us . ",negative
morally bankrupt ,negative
"what madonna does here ca n't properly be called acting -- more accurately , it 's moving and it 's talking and it 's occasionally gesturing , sometimes all at once ",negative
inadequately motivated ,negative
"bland , surfacey ",negative
a wish your heart makes ,positive
find an escape clause ,negative
to the annoying score ,negative
a juicy soap opera ,positive
a word of advice to the makers of the singles ward : celebrity cameos do not automatically equal laughs . ,negative
"some cute moments , funny scenes , ",positive
is a success in some sense ,positive
is a bowser . ,negative
"sharp comedy , old-fashioned monster movie atmospherics , ",positive
a certain degree of wit and dignity ,positive
turn on many people ,positive
is better than any summer blockbuster ,positive
for it other than its exploitive array of obligatory cheap ,negative
what with all the blanket statements and dime-store ruminations on vanity ,negative
", the cartoons look almost shakespearean -- both in depth and breadth -- after watching this digital-effects-heavy , supposed family-friendly comedy . ",negative
so could young romantics out on a date . ,positive
the viewers will feel they suffer the same fate ,negative
the intellectual and emotional pedigree of your date and a giant step backward for a director i admire ,negative
that makes it attractive throughout ,positive
dips key moments from the film ,negative
random glass-shattering ,negative
"this is a fragmented film , once a good idea that was followed by the bad idea to turn it into a movie . ",negative
"a pleasant distraction , ",positive
a compelling argument about death ,positive
a travesty ,negative
there 's no way you wo n't be talking about the film once you exit the theater . ,positive
homage ,positive
takes no apparent joy ,negative
is 75 wasted minutes of sandler as the voice-over hero in columbia pictures ' perverse idea of an animated holiday movie . ,negative
"overall , it 's a very entertaining , thought-provoking film with a simple message : god is love ",positive
an exhilarating experience . ,positive
a passing twinkle ,positive
the way adam sandler 's new movie rapes ,negative
going right through the ranks of the players -- on-camera and off -- that he brings together ,positive
moves between heartbreak and rebellion ,positive
any way of gripping what its point is ,negative
to sleep or bewildered by the artsy and often pointless visuals ,negative
tells a story whose restatement is validated by the changing composition of the nation . ,positive
"seems just as expectant of an adoring , wide-smiling reception . ",positive
truly edgy -- ,positive
be the biggest husband-and-wife disaster since john ,negative
comes to life in the performances . ,positive
found his groove these days ,positive
have a case of masochism and an hour and a half to blow ,negative
the latest adam sandler assault and possibly the worst film of the year . ,negative
none of this is very original ,negative
of effecting change and inspiring hope ,positive
tolerable-to-adults lark of a movie ,negative
slapped together . ,negative
a fleet-footed and pleasingly upbeat family ,positive
to suffer ' ,negative
"law enforcement , and a visceral , nasty journey ",negative
the writing is clever and the cast is appealing ,positive
"brown sugar signals director rick famuyiwa 's emergence as an articulate , grown-up voice in african-american cinema . ",positive
"will leave you wanting more , not to mention leaving you with some laughs and a smile on your face . ",positive
"seems content to dog-paddle in the mediocre end of the pool , and it 's a sad , sick sight ",negative
it must be the end of the world : the best film so far this year is a franchise sequel starring wesley snipes . ,positive
"the whole affair , true story or not , feels incredibly hokey ",negative
"the bad sound , the lack of climax and , worst of all , ",negative
a documentary to make the stones weep -- as shameful as it is scary . ,negative
"those willing to endure its extremely languorous rhythms , waiting for happiness ",negative
the bad reviews ,negative
comfort food ,positive
"julie davis is the kathie lee gifford of film directors , sadly proving once again ego does n't always go hand in hand with talent . ",negative
"the uncanny , inevitable and seemingly shrewd facade of movie-biz farce ",negative
overly convenient plot twists ,negative
"recite bland police procedural details , fiennes wanders ",negative
hooks us completely ,positive
a film that begins with the everyday lives of naval personnel in san diego and ends with scenes so true and heartbreaking that tears welled up in my eyes both times i saw the film . ,positive
"it 's all stitched together with energy , intelligence and verve , enhanced by a surplus of vintage archive footage . ",positive
that it does n't even qualify as a spoof of such ,negative
"is clever and funny , ",positive
flinching ,negative
one of those so-so films that could have been much better ,negative
-- if predictable -- ,negative
a compelling story of musical passion ,positive
"costner 's warm-milk persona is just as ill-fitting as shadyac 's perfunctory directing chops , and ",negative
"as those monologues stretch on and on , you realize there 's no place for this story to go but down ",negative
he forgets to make it entertaining ,negative
"even if the enticing prospect of a lot of nubile young actors in a film about campus depravity did n't fade amid the deliberate , tiresome ugliness , it would be rendered tedious by avary 's failure to construct a story with even a trace of dramatic interest . ",negative
twisted shapes history ,negative
"a first-class , thoroughly involving b movie that effectively combines two surefire , beloved genres -- the prison flick and the fight film ",positive
"recite bland police procedural details , fiennes wanders around ",negative
call the film ` refreshing ,positive
's sharply comic and surprisingly touching ,positive
's also not very good . ,negative
owed to benigni ,negative
too steeped in fairy tales and other childish things ,negative
is ingenious fun ,positive
a backstage must-see ,positive
does n't work as either ,negative
"come by once in a while with flawless amounts of acting , direction , story and pace ",positive
"great to see this turd squashed under a truck , preferably a semi ",negative
in a summer of clones ,negative
to feel funny and light ,positive
blade 2 is definitely a cut above the rest . ,positive
matinee price ,positive
technically and artistically inept . ,negative
softheaded metaphysical claptrap ,negative
the home alone formula ,positive
puts an exclamation point on the fact that this is n't something to be taken seriously ,negative
it plays like a powerful 1957 drama we 've somehow never seen before ,positive
goodness for this signpost ,positive
"cho 's face is ) an amazing slapstick instrument , creating a scrapbook of living mug shots . ",positive
a tragic love story ,positive
the updated dickensian sensibility of writer craig bartlett 's story ,positive
makes the grade as tawdry trash . ,negative
too much like a fragment of an underdone potato ,negative
exceptional lead performances ,positive
underdone ,negative
"'s mildly entertaining , ",positive
witch project real-time roots ,positive
timeless and universal tale ,positive
does n't offer much in terms of plot or acting ,negative
works its way up to merely bad rather than painfully awful ,negative
"a mostly believable , refreshingly low-key and quietly inspirational little sports drama . ",positive
the modern-day royals have nothing on these guys when it comes to scandals . ,negative
the attempt to complicate the story only defies credibility ,negative
with grace and humor and gradually ,positive
'' has n't much more to serve than silly fluff ,negative
limps along ,negative
devoid of wit and humor ,negative
refreshingly smart and newfangled ,positive
more of an impish divertissement of themes that interest attal and gainsbourg -- they live together -- the film has a lot of charm . ,positive
attal 's hang-ups surrounding infidelity are so old-fashioned and ,negative
technically proficient and without the pop-up comments ,positive
this terrific film ,positive
"with laptops , cell phones and sketchy business plans ",negative
catch it ... if you can ! ,positive
the rest is just an overexposed waste of film ,negative
this movie 's got it ,positive
hits all the verbal marks it should . ,positive
compelling and horrifying story ,positive
to make their way through this tragedy ,negative
"one of the most plain , unimaginative romantic comedies i ",negative
tosses around some intriguing questions about the difference between human and android life ,positive
"too much power , not enough puff . ",negative
"too much of nemesis has a tired , talky feel . ",negative
uses modern technology to take the viewer inside the wave ,positive
boasts eye-catching art direction but has a forcefully quirky tone that quickly wears out its limited welcome . ,negative
swallow thanks to remarkable performances ,positive
with miscalculations ,negative
being surprisingly dull ,negative
"guy gets girl , guy loses girl , audience falls asleep ",negative
disreputable doings and exquisite trappings are dampened by a lackluster script and substandard performances . ,negative
is pushed into the margins by predictable plotting and tiresome histrionics ,negative
"the film does n't sustain its initial promise with a jarring , new-agey tone creeping into the second half ",negative
"treats his women -- as dumb , credulous , unassuming , subordinate subjects ",negative
seagal is painfully foolish in trying to hold onto what 's left of his passe ' chopsocky glory . ,negative
"for the future , one hopes mr. plympton will find room for one more member of his little band , a professional screenwriter . ",negative
"this flick is fun , and host to some truly excellent sequences . ",positive
a fairly enjoyable mixture ,positive
whether jason x is this bad on purpose ,negative
"succeeds with its dark , delicate treatment of these characters and its unerring respect for them . ",positive
"talk to her is so darned assured , we have absolutely no idea who the main characters are until the film is well under way -- and yet it 's hard to stop watching . ",positive
's most memorable about circuit ,positive
"video , and so devoid of artifice and purpose ",negative
limited ,negative
at the helm ,positive
"an overstylized , puréed mélange of sex , psychology , drugs and philosophy ",negative
left with a sour taste in your mouth ,negative
put on a show ,positive
afterlife ,positive
its lackadaisical plotting and mindless action ,negative
", sometimes creepy intimacy ",negative
the near-fatal mistake of being what the english call ` too clever by half ,negative
so much farcical ,negative
cult classic ,positive
the tragedy beneath it ,positive
and it is n't that funny ,negative
"an achingly enthralling premise , the film ",positive
but fails to keep it up and settles into clichés . ,negative
gap ,negative
a besotted and obvious drama that tells us nothing new ,negative
"this misty-eyed southern nostalgia piece , ",positive
pomposity ,negative
burns gets caught up in the rush of slapstick thoroughfare . ,negative
that it could have been a hoot in a bad-movie way if the laborious pacing and endless exposition had been tightened ,negative
an earnest study in despair ,positive
"sometimes murky , always brooding look ",negative
in addition to scoring high for originality of plot ,positive
hollywood has crafted a solid formula for successful animated movies ,positive
while not for every taste ,negative
derailed ,negative
hilarious writer-director himself ,positive
"its flabbergasting principals , 14-year-old robert macnaughton , 6-year-old drew barrymore and 10-year-old henry thomas , convince us of the existence of the wise , wizened visitor from a faraway planet ",positive
belly laughs ,positive
of exploitative garbage ,negative
hardhearted scrooge ,negative
often food-spittingly ,positive
"energetic , extreme-sports adventure ",positive
you have figured out the con and the players in this debut film by argentine director fabian bielinsky ,positive
but they fascinate in their recklessness . ,positive
suffocating rape-payback horror ,negative
not a good movie ,negative
"when all is said and done , she loves them to pieces -- and ",positive
", amusing , sad and reflective ",positive
rush to the theater for this one ,positive
trotting out threadbare standbys ,negative
to keep things interesting ,positive
getting into too many pointless situations ,negative
"essentially ruined -- or , rather , ",negative
wasting ,negative
"a summary of the plot does n't quite do justice to the awfulness of the movie , for that comes through all too painfully in the execution . ",negative
into clichés ,negative
immensely entertaining ,positive
though it 's equally solipsistic in tone ,positive
dissing the film that they did n't mind the ticket cost ,negative
( `` laissez-passer '' ) ,negative
", like me , think an action film disguised as a war tribute is disgusting to begin with ",negative
friday after next spreads them pretty thin ,negative
to be that rarity among sequels ,positive
is in trouble ,negative
has the dubious distinction of being a really bad imitation of the really bad blair witch project ,negative
is it really an advantage to invest such subtlety and warmth in an animatronic bear when the humans are acting like puppets ? ,negative
unfilmable '' novels ,negative
howard and his co-stars all give committed performances ,positive
really won my heart ,positive
of the long list of renegade-cop tales ,negative
", at times sublime , visuals ",positive
racist portraits ,negative
"is derived from a lobotomy , having had all its vital essence scooped out and discarded ",negative
just about the surest bet for an all-around good time at the movies this summer . ,positive
the script 's bad ideas and awkwardness ,negative
contentious configurations ,negative
the poor quality of pokemon 4 ,negative
bad to be good ,negative
the most accomplished work ,positive
corrupt ,negative
"brings a youthful , out-to-change-the-world aggressiveness ",positive
population ,positive
", composed delivery ",positive
"has all of dean 's mannerisms and self-indulgence , but none of his sweetness and vulnerability ",negative
a credible account of a puzzling real-life happening ,positive
the horror fan who opts to overlook this goofily endearing and well-lensed gorefest ,positive
obnoxious comedy ,negative
considerable talents ,positive
of the things costner movies are known for ,positive
great submarine stories ,positive
"'s a technically superb film , shining with all the usual spielberg flair , expertly utilizing the talents of his top-notch creative team ",positive
all the usual spielberg flair ,positive
consistently amusing but ,positive
to laugh at how bad ,negative
a funny yet dark and seedy clash of cultures and generations ,positive
a compelling french psychological drama examining the encounter of an aloof father and his chilly son after 20 years apart ,positive
"bad , bad movie ",negative
"'s painful to watch witherspoon 's talents wasting away inside unnecessary films like legally blonde and sweet home abomination , i mean , alabama ",negative
"elling never gets too cloying thanks to the actors ' perfect comic timing and sweet , genuine chemistry . ",positive
"evacuations , and none-too-funny commentary on the cultural distinctions between americans and brits ",negative
's something vital about the movie . ,positive
"strangers , which opens today in the new york metropolitan area , so distasteful ",negative
: it 's not really funny . ,negative
not-very-funny ,negative
"appalling , ",negative
punch and depth ,positive
any sexual relationship that does n't hurt anyone and works for its participants ,positive
love reading and/or poetry ,positive
recommended ,positive
"there 's no excuse for following up a delightful , well-crafted family film with a computer-generated cold fish . ",negative
"snoots will no doubt rally to its cause , trotting out threadbare standbys like ` masterpiece ' and ` triumph ' and all that malarkey , but rarely does an established filmmaker so ardently waste viewers ' time with a gobbler like this . ",negative
stalking ,negative
in the tries-so-hard-to-be-cool `` clockstoppers ,negative
natural-seeming actors ,positive
a terrible story ,negative
"relies less on forced air than on petter næss ' delicate , clever direction ... and a wonderful , imaginative script by axel hellstenius . ",positive
into an urban hades ,negative
together with a supremely kittenish performance that gradually accumulates more layers ,positive
a semi-autobiographical film that 's so sloppily written and cast that you can not believe anyone more central to the creation of bugsy than the caterer ,negative
"when your subject is illusion versus reality , should n't the reality seem at least passably real ? ",negative
from the movie gods ,positive
silences ,negative
curious about each other against all odds ,positive
it is a remarkably original work . ,positive
", some things are immune to the folly of changing taste and attitude . ",negative
could n't stand to hear ,negative
"feels more like an extended , open-ended poem than a traditionally structured story ",positive
"a stupid , derivative horror film that substitutes extreme ",negative
the wounds of the tortured and self-conscious material ,negative
will ever be anything more than losers ,negative
"tunney , brimming with coltish , neurotic energy , holds the screen like a true star . ",positive
a moving story of determination and the human spirit . ,positive
cute animals ,positive
bilked unsuspecting moviegoers ,negative
good human ,positive
"it 's a hellish , numbing experience to watch , and ",negative
a less-compelling soap opera ,negative
"little action , almost no suspense or believable tension , one-dimensional characters up the wazoo and sets that ",negative
a marvel of production design . ,positive
me feeling refreshed and hopeful ,positive
french director anne fontaine delivers an inspired portrait of male-ridden angst and the emotional blockage that accompanies this human condition ,positive
to give the film the substance it so desperately needs ,negative
loosely connected characters and plots that never quite gel ,negative
a freshness and modesty ,positive
's a bargain-basement european pickup . ,negative
the film has an infectious enthusiasm and ,positive
"the movie is loaded with good intentions , but in his zeal to squeeze the action and our emotions into the all-too-familiar dramatic arc of the holocaust escape story , minac drains his movie of all individuality . ",negative
labute continues to improve . ,positive
crime ,negative
's not too much of anything . ,negative
"treats his audience the same way that jim brown treats his women -- as dumb , credulous , unassuming , subordinate subjects ",negative
the wild wild west ,positive
a tawdry b-movie scum ,negative
a fat man 's navel ,negative
their story is predictable ,negative
", it 's a rather listless amble down the middle of the road , where the thematic ironies are too obvious and the sexual politics too smug . ",negative
completely serviceable and quickly forgettable ,negative
"of college dorm rooms , a subtlety that makes the silly , over-the-top coda especially disappointing ",negative
while something of bubba ho-tep 's clearly evident quality may end up languishing on a shelf somewhere ,negative
something about how lame it is to try and evade your responsibilities ,negative
take care is nicely performed by a quintet of actresses ,positive
we have no idea what in creation is going on ,negative
"perry 's good and his is an interesting character , ",positive
sticks with its subjects a little longer ,positive
seems to have a knack for wrapping the theater in a cold blanket of urban desperation ,negative
have been right at home as a nifty plot line in steven soderbergh 's traffic fails to arrive at any satisfying destination ,negative
is guaranteed to lift the spirits of the whole family ,positive
"a more credible script , ",positive
willie would have loved it ,positive
inimitable diaz ,positive
is also imbued with strong themes of familial ties and spirituality that are powerful and moving without stooping to base melodrama ,positive
by writer-director kurt wimmer ,positive
"from the margin that gives viewers a chance to learn , to grow , to travel ",positive
mildly amusing ,positive
crisp and ,positive
by the full monty ,positive
new inspiration ,positive
gorgeous film ,positive
the comedy is nonexistent . ,negative
intensely lived ,positive
"like the work of an artist who is simply tired -- of fighting the same fights , of putting the weight of the world on his shoulders , of playing with narrative form . ",negative
"pointless , meandering ",negative
vampire fun ,positive
"nothing overly original , mind you , but solidly entertaining . ",positive
fanciful direction ,positive
a very good time ,positive
it will make you wish you were at home watching that movie instead of in the theater watching this one . ,negative
give `` scratch '' a second look ,positive
but it 's great cinematic polemic ,positive
will take longer to heal : the welt on johnny knoxville 's stomach from a riot-control projectile or my own tortured psyche ,negative
the major problem with windtalkers ,negative
no amount of nostalgia for carvey 's glory days ,negative
unsympathetic hero ,negative
mr. audiard 's direction is fluid and quick . ,positive
"the year 's greatest adventure , and jackson 's limited but enthusiastic adaptation has made literature literal without killing its soul -- a feat any thinking person is bound to appreciate ",positive
reap more rewards ,positive
rather than real figures ,negative
achieves its emotional power and moments of revelation ,positive
"death to smoochy tells a moldy-oldie , not-nearly - as-nasty - as-it - thinks-it-is joke . ",negative
are more silly than scary ,negative
be growing ,positive
aspires ,positive
this is the kind of movie that deserves a chance to shine . ,positive
predictable outcome ,negative
as beautifully shaped and ,positive
if considerably less ambitious ,negative
the only reason you should see this movie is if you have a case of masochism and an hour and a half to blow . ,negative
an enjoyably frothy ` date movie ' ... ,positive
"i think it was plato who said , ' i think , therefore i know better than to rush to the theater for this one . ",negative
with passion and energy ,positive
heartwarming and ,positive
uni-dimensional ,negative
the director seems to take an unseemly pleasure in ( the characters ' ) misery and at the same time to congratulate himself for having the guts to confront it . ,negative
"its cast , its cuisine and its quirky tunes ",positive
"below may not mark mr. twohy 's emergence into the mainstream , but his promise remains undiminished . ",positive
watch if you only had a week to live ,positive
without stickiness ,positive
its amiable jerking ,negative
ditched the saccharine sentimentality of bicentennial man in favor of an altogether darker side ,positive
a strangely stirring experience that finds warmth in the coldest environment and makes each crumb of emotional comfort feel like a 10-course banquet . ,positive
a war tribute ,positive
particularly memorable ,positive
as an exploratory medical procedure or an autopsy ,negative
is both inspiring and pure joy ,positive
it entertaining ,positive
any of these despicable characters ,negative
"like all great films about a life you never knew existed , it offers much to absorb and even more to think about after the final frame . ",positive
jackson and co have brought back the value and respect for the term epic cinema . ,positive
brilliance ,positive
drags it back ,negative
has a lot of charm ,positive
's a road-trip drama with too many wrong turns ,negative
this tuxedo ... should have been sent back to the tailor for some major alterations . ,negative
"it might not be 1970s animation , but everything else about it is straight from the saturday morning cartoons -- a retread story , bad writing , and the same old silliness ",negative
damn funny stuff ,positive
repressed ,negative
as a painful elegy and sobering cautionary tale ,positive
"an athlete , a movie star , ",positive
"a baffling subplot involving smuggling drugs inside danish cows falls flat , and if you 're going to alter the bard 's ending , you 'd better have a good alternative ",negative
is n't going to jell ,negative
the product ,positive
there 's no reason to miss interview with the assassin ,positive
"speculation , conspiracy theories or , at best , circumstantial evidence ",negative
"make the most of the large-screen format , before swooping down on a string of exotic locales , scooping the whole world up in a joyous communal festival of rhythm ",positive
if you believe that the shocking conclusion is too much of a plunge or ,negative
there is a certain sense of experimentation and improvisation to this film that may not always work ,negative
silly -- and gross -- ,negative
give all three stories life ,positive
at the variety of tones in spielberg 's work ,positive
hide a weak script ,negative
"it is life affirming and heartbreaking , sweet without the decay factor , funny and sad . ",positive
"life affirming and heartbreaking , sweet without the decay factor , ",positive
unique niche ,positive
intelligent and ,positive
encompasses many more paths ,positive
will find millions of eager fans ,positive
as director of the escort service was inspired ,positive
that may make you hate yourself for giving in ,negative
"as it is a unique , well-crafted psychological study of grief ",positive
guilty of the worst sin of attributable to a movie like this ,negative
's a delightfully quirky movie to be made from curling ,positive
most charmless ,negative
a nagging sense ,negative
have n't laughed that hard in years ,positive
by an overly sillified plot and stop-and-start pacing ,negative
are great rewards here ,positive
cinematic knack ,positive
"drumline is -- the mere suggestion , albeit a visually compelling one , of a fully realized story . ",positive
anyone in his right mind would want to see the it ,positive
make a film in which someone has to be hired to portray richard dawson ,negative
engaging as it is revealing ,positive
i 'm sure there 's a teenage boy out there somewhere who 's dying for this kind of entertainment . ,negative
an uneven look into a grim future that does n't come close to the level of intelligence and visual splendor that can be seen in other films based on philip k. dick stories . ,negative
's not a fresh idea at the core of this tale . ,negative
integrates thoughtfulness and pasta-fagioli comedy ,positive
kinetic enough to engross even the most antsy youngsters ,positive
a true ,positive
"weighted down with slow , uninvolving storytelling and ",negative
"star power , a pop-induced score ",positive
dumb and cheesy ,negative
a compelling investigation of faith versus intellect ,positive
i wo n't be sitting through this one again ,negative
"could have yielded such a flat , plodding picture ",negative
loser ,negative
it 's never too late to believe in your dreams . ' ,positive
"sandra bullock and hugh grant make a great team , but this predictable romantic comedy should get a pink slip . ",negative
a 10-course banquet ,positive
and mainly unfunny ,negative
powerful and astonishingly vivid ,positive
excruciating demonstration ,negative
low-grade ,negative
combined with stunning animation ,positive
", it 's icky . ",negative
", ( haneke ) steers clear of the sensational and offers instead an unflinching and objective look at a decidedly perverse pathology . ",positive
acting horribly ,negative
a big splash ,positive
a column of words can not adequately describe co-writer/director peter jackson 's expanded vision of j.r.r. tolkien 's middle-earth ,positive
villains ,negative
that already knows it 's won ,positive
"may be one of the most appealing movies ever made about an otherwise appalling , and downright creepy , subject -- a teenage boy in love with his stepmother . ",positive
stupidity ,negative
is that it stinks ,negative
traps audiences in a series of relentlessly nasty situations that we would pay a considerable ransom not to be looking at . ,negative
"like rudy yellow lodge , eyre needs to take a good sweat to clarify his cinematic vision before his next creation and remember the lessons of the trickster spider . ",negative
"with humor , warmth , and intelligence ",positive
their lack of chemistry ,negative
fairytale ,positive
"there is plenty of room for editing , and ",negative
the town has kind of an authentic feel ,positive
the stunt work is top-notch ; the dialogue and drama often food-spittingly funny . ,positive
"ugly , pointless , stupid movie ",negative
for everyone ,positive
", the lady and the duke represents the filmmaker 's lifelong concern with formalist experimentation in cinematic art . ",positive
"solaris is rigid and evasive in ways that soderbergh 's best films , `` erin brockovich , '' `` out of sight '' and `` ocean 's eleven , '' never were . ",positive
it 's just merely very bad . ,negative
preserves tosca 's intoxicating ardor through his use of the camera . ,positive
to do with imagination than market research ,negative
"mysterious , sensual , ",positive
a disney pic ,positive
bear the laughter ,positive
the director is trying to dupe the viewer into taking it all as very important simply because the movie is ugly to look at and not a hollywood product ,negative
"ill-considered , unholy hokum . ",negative
"as a story of dramatic enlightenment , the screenplay by billy ray and terry george leaves something to be desired . ",negative
nettelbeck ... has a pleasing way with a metaphor . ,positive
"very , very good reasons ",positive
a brief amount ,positive
not quite ,negative
some problems ,negative
"over its seemingly eternal running time to pique your interest , your imagination , your empathy or anything , really , save your disgust and your indifference ",negative
barbershop '' is a good-hearted ensemble comedy with a variety of quirky characters and an engaging story . ,positive
disney 's cinderella proved that ' a dream is a wish your heart makes ,positive
"a jumbled fantasy comedy that did not figure out a coherent game plan at scripting , shooting or post-production stages . ",negative
their contrast ,positive
lacks balance ... and fails to put the struggle into meaningful historical context ,negative
"we get an ugly , mean-spirited lashing out by an adult who 's apparently been forced by his kids to watch too many barney videos . ",negative
this is a movie full of grace ,positive
love and culture ,positive
will only satisfy the most emotionally malleable of filmgoers . ,negative
is so convinced of its own brilliance ,positive
"with acting , tone and pace very obviously mark him as a video helmer making his feature debut ",positive
meaningful historical context ,positive
's betting her third feature will be something to behold ,positive
most offensive ,negative
"it 's pretty linear and only makeup-deep , but bogdanovich ties it together with efficiency and an affection for the period . ",positive
a part of its fun ,positive
"in telling the story , which is paper-thin and decidedly unoriginal ",negative
an enjoyable big movie ,positive
plan to make enough into ` an inspiring tale of survival wrapped in the heart-pounding suspense of a stylish psychological thriller ' ,positive
fishy ,negative
cinematography and exhilarating point-of-view shots and fewer slow-motion ` grandeur ' shots and ,positive
the jokes are sophomoric ,negative
"realize , much to our dismay ",negative
"after seeing ` analyze that , ' i feel better already . ",positive
with no obvious escape ,negative
sade achieves the near-impossible : it turns the marquis de sade into a dullard ,negative
been hyped to be because it plays everything too safe ,negative
some of this laughable dialogue ,negative
"proves a lovely trifle that , unfortunately , is a little too in love with its own cuteness ",negative
addition to sporting one of the worst titles in recent cinematic history ,negative
"an interesting story of pointed personalities , courage , tragedy and the little guys vs. the big guys ",positive
a fascinating profile ,positive
to check your brain at the door ,negative
"the redeeming feature of chan 's films has always been the action , but the stunts in the tuxedo seem tired and , what 's worse , routine . ",negative
even witty ,positive
"mildly funny , sometimes tedious , ultimately insignificant ",negative
thoughtful and ,positive
"worry about being subjected to farts , urine , feces , semen , or any of the other foul substances ",negative
all the interesting developments ,positive
a heartening tale of small victories and enduring hope . ,positive
offers a guilt-free trip ,positive
daring and beautifully made ,positive
"'s a fine , focused piece of work that reopens an interesting controversy and never succumbs to sensationalism ",positive
full of grace ,positive
"feels like the work of someone who may indeed have finally aged past his prime ... and , perhaps more than he realizes , ",negative
big bad love ,positive
lackluster script ,negative
lots of laughs ,positive
the old disease-of-the-week small-screen melodramas ,negative
you 're left with a sour taste in your mouth ,negative
predictable storyline and by-the-book scripting is all but washed away by sumptuous ocean visuals and the cinematic stylings of director john stockwell . ,positive
been leavened by a charm that 's conspicuously missing from the girls ' big-screen blowout ,negative
"devotees of star trek ii : the wrath of khan will feel a nagging sense of deja vu , ",negative
tortured and ,negative
", overnight , is robbed and replaced with a persecuted `` other ",negative
letting its imagery speak for it while it forces you to ponder anew what a movie can be . ,positive
"while dutifully pulling on heartstrings , directors dean deblois and chris sanders valiantly keep punching up the mix . ",positive
to marry science fiction with film noir and action flicks with philosophical inquiry ,positive
what is kind of special ,positive
is so charmless and vacant ,negative
the best of the pierce brosnan james bond ,positive
the pitfalls ,positive
i would leave the theater with a lower i.q. than when i had entered ,negative
little more than routine ,negative
spielberg 's realization of a near-future america is masterful . ,positive
"bring a heart and reality that buoy the film , and at times , elevate it to a superior crime movie . ",positive
underdeveloped effort ,negative
an unsuccessful attempt at a movie of ideas ,negative
interesting matters ,positive
want my money back . ,negative
play like the worst kind of hollywood heart-string plucking ,negative
in the pianist ,positive
"as with most late-night bull sessions , eventually the content is n't nearly as captivating as the rowdy participants think it is . ",negative
too textbook to intrigue ,negative
the film 's thoroughly recycled plot and tiresome jokes ,negative
this poor remake ,negative
accurately reflects the rage and alienation that fuels the self-destructiveness of many young people ,positive
report that it is instead a cheap cliché ,negative
"a fairly slow paced , ",negative
antonio banderas ,positive
( a ) mess ,negative
if you 're up for that sort of thing ,positive
a zinger-filled crowd-pleaser that open-minded elvis fans ,positive
meager ,negative
too many scenes toward the end that should move quickly ,negative
had more to do with imagination than market research ,positive
swiftly ,positive
some serious issues ,negative
that woman 's doubts ,negative
going nowhere fast ,negative
unholy hokum ,negative
most sincere and artful movie ,positive
"examines the intimate , unguarded moments of folks who live in unusual homes -- which pop up in nearly every corner of the country ",positive
this movie got me grinning . ,positive
a half-assed film . ,negative
the collaborative process ,positive
"weighed down by supporting characters who are either too goodly , wise and knowing or downright comically evil ",negative
"interesting than the screenplay , which lags badly in the middle and lurches between not-very-funny comedy , unconvincing dramatics and some last-minute action strongly reminiscent of run lola run ",negative
so fascinating ,positive
"mr. murray , a prolific director of music videos , stuffs his debut with more plot than it can comfortably hold . ",negative
"from its nauseating spinning credits sequence to a very talented but underutilized supporting cast , bartleby squanders as much as it gives out . ",negative
a load of clams left in the broiling sun for a good three days ,negative
"a beautiful food entrée that is n't heated properly , so that it ends up a bit cold and relatively flavorless ",negative
lacks in depth ,negative
doubt it ,negative
fails to arrive at any satisfying destination ,negative
"few films have been this odd , inexplicable and unpleasant . ",negative
friendly ,positive
"fails as a dystopian movie , as a retooling of fahrenheit 451 , and even as a rip-off of the matrix ",negative
hugely enjoyable ,positive
has never been filmed more irresistibly than in ` baran . ,positive
"hurried , badly cobbled look ",negative
and sumptuous stream ,positive
oddly sweet comedy ,positive
lively ,positive
bring you into the characters ,positive
awfully hard ,negative
"kids five and up will be delighted with the fast , funny , and even touching story . ",positive
in practically every facet of inept filmmaking ,negative
"revel in those visual in-jokes , as in the film 's verbal pokes at everything from the likes of miramax chief harvey weinstein 's bluff personal style ",positive
too bland and fustily tasteful to be truly prurient . ,negative
good man ,positive
dishonesty ,negative
is grossly contradictory in conveying its social message ,negative
though jay roach directed the film from the back of a taxicab ,negative
evolves ,positive
", she is merely a charmless witch . ",negative
cheapening ,negative
"a visionary marvel , ",positive
tens ,positive
"openness , ",positive
dullest tangents ,negative
dumb drug jokes and predictable slapstick ,negative
"that does n't offer any insight into why , for instance , good things happen to bad people ",negative
the bottom of the barrel ,negative
that were once amusing ,negative
"in old-fashioned screenwriting parlance , ms. shreve 's novel proved too difficult a text to ` lick , ' despite the efforts of a first-rate cast . ",negative
smarter than any 50 other filmmakers still ,positive
to produce another smash ,positive
2002 's first great film ,positive
have completely forgotten the movie by the time you get back to your car in the parking lot ,negative
"not all of the stories work and the ones that do are thin and scattered , but the film works well enough to make it worth watching . ",positive
", pristine style and bold colors make it as much fun as reading an oversized picture book before bedtime . ",positive
ii experience ,negative
"sitting in a downtown café , overhearing a bunch of typical late-twenty-somethings natter on about nothing , ",negative
best and most unpredictable comedy ,positive
low rent from frame one . ,negative
the movie is pretty funny now and then without in any way demeaning its subjects . ,positive
"people sit and stare and turn away from one another instead of talking and it 's all about the silences and if you 're into that , have at it ",negative
"an unflinching , complex portrait of a modern israel that is rarely seen on-screen ",positive
very meticulously but without any passion ,negative
"suffers from a simplistic narrative and a pat , fairy-tale conclusion ",negative
"then his tone retains a genteel , prep-school quality that feels dusty and leatherbound ",negative
well-made entertainment ,positive
", it does so without compromising that complexity . ",positive
"aimless , arduous ",negative
contains very few laughs and even less surprises ,negative
uselessly ,negative
"miyazaki 's nonstop images are so stunning , and his imagination so vivid , that the only possible complaint you could have about spirited away is that there is no rest period , no timeout ",positive
"` anyone with a passion for cinema , and indeed sex , should see it as soon as possible . ' ",positive
"trapped wo n't score points for political correctness , ",negative
become very involved ,positive
congrats disney on a job well done ,positive
stunningly trite ,negative
confusing melange ,negative
as deflated as he does ,negative
is not only a love song to the movies ,positive
back to a time when movies had more to do with imagination than market research . ,positive
freakish ,positive
"is brilliant , ",positive
nothing more than an hour-and-a-half-long commercial for britney 's latest album ,negative
anchored by splendid performances from an honored screen veteran and a sparkling newcomer who instantly transform themselves into a believable mother/daughter pair ,positive
brutally honest and ,positive
up as the worst kind of hubristic folly ,negative
mediocre one ,negative
funnier than being about something ,positive
a real documentary ,positive
i do n't blame eddie murphy but should n't ,negative
of warmth and humor ,positive
acclaimed ,positive
resurrecting performers who rarely work in movies now ... ,positive
"exhaustion , from watching a movie that is dark ( dark green , to be exact ) , ",negative
has the capability of effecting change and inspiring hope ,positive
"has the thrown-together feel of a summer-camp talent show : hastily written , underrehearsed ",negative
doze off thirty minutes ,negative
a triumph of pure craft and passionate heart . ,positive
"looking for a smart , nuanced look at de sade and what might have happened at picpus ",positive
"a routine crime thriller remarkable only for its lack of logic and misuse of two fine actors , morgan freeman and ashley judd . ",negative
"dumb , fun , curiously adolescent movie ",positive
