headline,label
ایکتا کپور نے بنائی ہندوستان کی سب سے بولڈ ویب سیریز ایکس ایکس ایکس ، یہاں دیکھیں ٹریلر,entertainment
"سورا بھاسکر کو "" راہبہ ریپ"" معاملے میں پھر سے ٹرول کرنے کی کوشش ، اس مرتبہ ٹویٹر نے دیا ساتھ",entertainment
ہندوستان- پاکستان کے بیچ امن کی گزارش کرتا ہوا یہ گانا آپ نے سنا کیا؟,entertainment
دیپکا نے رکھی انوکھی شرط، دبنگ خان کے ساتھ تبھی فلم کریں گی جب,entertainment
کسی نے ڈیوائیڈر پر چڑھائی گاڑی، تو کسی پر لگا غلط تشہیر کا الزام، دیکھیں ٹی وی اسٹارس کیلئے کیسا رہا یہ ہفتہ,entertainment
سیٹ پر ایسے منایا گیا کپل شرما کا یوم پیدائش، سنی لیونی نے بھی بھیجی مبارکباد,entertainment
دبئی میں رد ہوا دبنگ سلمان خان کا شو، اداکار نے مداحوں سے کہا جلد لوٹوں گا,entertainment
آسٹریلیا کے خلاف پہلے ٹیسٹ کیلئے ٹیم انڈیا کا اعلان ، امیش اور جڈیجہ باہر ، مگر اس بڑے کھلاڑی کو ملی جگہ,cricket
دادری سانحہ: مشتعل بھیڑ اخلاق کے پورے خاندان کو زندہ جلا دینا چاہتی تھی,crime
ہندوستان کے سب سے بڑے اکسپورٹ ہاوس کے مالک ہیں سونم کپور کے ہونے والے شوہر آنند آہوجا,entertainment
دیکھیں: بگ باس کے ان عاشقوں کا باہر ہوا بریک اپ,entertainment
اس وقت سنی لیونی نے اس شرط پر سائن کی تھیں 6 پارن فلمیں,entertainment
یوراج کو چھوڑ اس کھلاڑی پرآیا پریتی زنٹا کا دل! 4.80 میں خریدا,cricket
سلمان خان ہالی ووڈ میں کام نہیں کرنا چاہتے,entertainment
سلمان خان کو جان سے مارنے کی دھمکی، یو پی سے ایک گرفتار,entertainment
چھیڑ چھاڑ سے بچنے کے لئے تین لڑکیاں چلتی بس سے كودیں,crime
چھیڑ چھاڑ کی مخالفت کی تو گاوں والوں نے اسکول میں گھس کر کی پٹائی ، 34 طالبات زخمی,crime
سلمان خان نے انجانے میں توڑا یہ قانون، اے ایس آئی نے بھیجا نوٹس,entertainment
باکسر کے کردار میں نظر آئیں گےبالی ووڈ اداکار شاہد کپور,entertainment
کالے ہرن شکار معاملہ : 7 مئی کو ہوگا سلمان خان کی قسمت کا فیصلہ,entertainment
ہار مان چکے تھے محمد حفیظ ... لیکن شعیب اختر کے ایک فون کال نے بدل دی زندگی,cricket
فوٹو شوٹ کرانا پڑا سارہ علی خان کو بےحد مہنگا، سوشل میڈیا صارفین نے جم کر کیا ٹرول,entertainment
ثانیہ مرزا اور شعیب ملک نے کیا بیٹے کا نام اعلان، یہ رکھا گیا ننہی جان کا نام,cricket
دھونی - پنت نہیں، گوتم گمبھیرنے ہندوستان کے اس کھلاڑی کو بتایا بہترین وکٹ کیپربلے باز,cricket
"دہشت گردی کی زد میں ہے انگلینڈ کے اس کھلاڑی کا "" گاوں "" ، ٹیم انڈیا کو دے رہے ہیں زخم",cricket
کرکٹ کے میدان پر ایک اور موت ، نان اسٹرائیکر اینڈ پر غش کھا کر گرا یہ کھلاڑی ، چلی گئی جان,cricket
اب یوپی کے دیوریا میں مظفرپور جیسے سیکس ریکٹ کا پردہ فاش، 24 خواتین آزاد کرائی گئیں,crime
انوشکا شرما کی پھٹکار کے بعد اب ممبئی شہری نے کیا پلٹ وار ، سوشل میڈیا پر لکھی ایسی پوسٹ,entertainment
"پاکستان - آسٹریلیا پہلا ٹی 20 میچ آج ، اس "" بڑے کھلاڑی ""کی کمی گرین شرٹس کو پڑ سکتی ہے بھاری",cricket
ریسپشن میں گرے وہئٹ ڈریس میں پہونچی سونم کپور، بالی ووڈ سلیبس بھی دکھے الگ انداز میں,entertainment
پاکستانی کوچ مکی آرتھرنے بابراعظم کی کارکردگی اورمستقبل سے متعلق کہی یہ بات,cricket
دہلی یونیورسٹی کی طالبہ کے ساتھ چلتی بس میں چھیڑ چھاڑ، کیس درج ، مدد مانگنے پر بھی کوئی نہیں آیا سامنے,crime
کون ہے وہ لڑکا جس پر آیا عامر خان کی بیٹی کا دل، تصویر شیئر کی تو مچا تہلکہ,entertainment
رومانی اداکاری سے ناظرین کو رانی مکھرجی نےبنایا دیوانہ,entertainment
میشا شفیع ایک بار پھر ہتک عزت کے نوٹس پر جواب داخل نہیں کراسکیں,entertainment
پاپا کے ساتھ مارننگ واک پر نکلے تیمور علی خان,entertainment
پاکستانی فنکاروں کو ہندوستان پر ہوئے حملوں کی مذمت کرنی چاہئے : انوپم کھیر,entertainment
اپنے مداحوں کو آٹوگراف والے ٹکٹ دیں گے اکشے کمار,entertainment
ایان چیپل کی پیشین گوئی، بین الاقوامی کرکٹ میں 100 سنچری نہیں بلکہ یہ بڑا کمال کریں گے کوہلی,cricket
پاکستانی ٹیم کو لگا بڑا جھٹکا ، نیوزی لینڈ کے خلاف سیریز سے بھی باہر ہوسکتا ہے یہ بڑا کھلاڑی,cricket
سوئمنگ پول میں ایک ساتھ رومانٹنگ انداز میں نظر آئے فرحان اختر اور شبانی ، تصویر وائرل,entertainment
راکھی ساونت نے سنی لیون سے مانگی معافی ، کہا : تین سال پہلے ہوگئی تھی غلطی,entertainment
مدھیہ پردیش : نان ویج نہیں بنانے پر بیوی کو زندہ جلایا,crime
اس اداکار کی ایک جھلک دیکھ کر فدا ہوگئی تھیں رانی مکھرجی ، شوہر سے کہا : اس کے ساتھ کرنا ہے کام,entertainment
پاکستانی ٹیم کو لگا بڑا جھٹکا ، نیوزی لینڈ کے خلاف ٹی 20 اور ون ڈے سیریز سے یہ بڑا کھلاڑی ہوا باہر ؟,cricket
نہیں رہے بالی ووڈ اداکار ونود کھنہ، واجپئی کی کابینہ میں بنے تھے وزیر,entertainment
گریجویشن کے بعد امیتابھ کی نواسی نویا نے کچھ اس طرح منائی پارٹی,entertainment
رنبیر کپور کے ساتھ عالیہ نے شیئر کی اپنی رومانٹک تصویر ، ماں نیتو نے کچھ اس طرح کیا رد عمل کا اظہار,entertainment
ارجن- ملائکہ کے رشتے کے بارے میں یہ سوچتا ہے بیٹا ارحان، پہلی بار آیا بڑا بیان,entertainment
آسٹریلیا میں وراٹ اینڈ کمپنی کی جیت یقینی، یہ ہے سب سے اہم وجہ,cricket
دردناک سڑک حادثہ میں جنوبی افریقی تیز گیند باز اور ان کے بچی کی موت,cricket
عامر خان کی وجہ سے گھنٹوں باتھ روم میں بیٹھ کر روئی یہ اداکارہ، سلمان خان نے بچایا,entertainment
ٹی وی کی اس ہاٹ ’ناگین‘ نے شوہر کو کیا سرعام کس، ویڈیو نے مچا دی کھلبلی,entertainment
آئی پی ایل کولکاتہ بمقابلہ پنجاب لائیو: گیل ۔گیل ۔راہل کے طوفان میں اڑا کولکاتہ،پنجاب نے 9 وکٹ سے دی شکست,cricket
بیوی کا قابل اعتراض ویڈیو دیکھتے ہی آپا کھوبیٹھا شوہر، پھر کیا ایسا کام کہ جان کر اڑجائیں گے آپ کے ہوش,crime
شہنشاہ جذبات دلیپ کمار کی 95 ویں سالگرہ پران کے مداحوں کو روک نہیں سکتے: سائرہ بانو,entertainment
اداکارہ کاجل اگروال کو اسٹیج پر کھڑے شخص نے کیا کس ، ویڈیو وائرل,entertainment
سنجوسیمسن کی سنچری کی اس عظیم کھلاڑی نے پہلے ہی کردی تھی پیشین گوئی!۔,cricket
ویسٹ انڈیز نے ایم ایس دھونی کے ارمانوں پر پھیرا پانی ، اب اگلے سال تک کرنا پڑے گا انتظار,cricket
ہندوستان روادار ملک ہے ، پی ایم مودی نفرت پھیلانے والوں پر لگائیں لگام : عامر خان,entertainment
شہنشاہ جذبات دلیپ کمار روبصحت ، طبیعت میں بہتری کے آثار,entertainment
جموں و کشمیر : گھر لوٹ رہی خاتون کو گھسیٹ کر لے گیا جنگل ، آبروریزی کی ، بتانے پر سنگین نتائج کی دی دھمکی,crime
سُروں کے شہنشاہ محمد رفیع کے پاس نہیں تھے کھانے کے پیسے، بڑے بھائی نے اس طرح سنوارا کریئر,entertainment
ون ڈے سیریز کے بعد ٹی 20 سیریز میں بھی پاکستان ہاری تو جنوبی افریقہ کو ہوگا یہ بڑا فائدہ,cricket
میں نے ایکشن فلمیں کرنے کے دوران اپنی جڑیں کھو دلیں: سنی دیول,entertainment
"شاہد آفریدی نے میچ کے دوران ہی کھویا آپا ، بلے باز کو آوٹ کرنے کے بعد دی "" گالیاں "" ۔",cricket
ورلڈ کپ سے پہلے پاکستانی ٹیم کو لگا بڑا جھٹکا ، یہ پانچ کھلاڑی فٹنس ٹیسٹ میں ہوئے ناکام,cricket
سڈنی ٹیسٹ میں سنچری بناکر چتیشور پجارا نے بناڈالے کئی ریکارڈس ، وی وی ایس لکشمن کو بھی چھوڑا پیچھے,cricket
گیند بازی کے بعد بلے بازی میں بھی راشد خان کا دھماکہ ، تین گیندوں میں تین چھکے لگا کر ٹیم کو دلائی جیت,cricket
باکس آفس پر 'بجرنگي بھائی جان' کی دھوم، 3 دن میں ہی کمائے 100 کروڑ,entertainment
"وراٹ کوہلی کا سب سے بڑا ""دشمن "" ہے یہ گیند باز ، کرچکا ہے اتنی مرتبہ آوٹ",cricket
آئی پی ایل 2018 : کاویری تنازع کو لے کر احتجاج کی وجہ سے چنئی سے منتقل کئے جائیں گے سبھی میچ,cricket
امریکہ: اسکول میں طالب علم کی فائرنگ، 2 طلبا ہلاک،17 زخمی,crime
"شعیب ملک اس "" خاص کلب "" میں شامل ہونے والے دنیا کے چوتھے کھلاڑی بنے ، کوہلی اور رینا بھی رہ گئے پیھچے",cricket
ریتک روشن کے دفاع میں آئیں اداکارہ دشا پاٹنی ، کہا : فلرٹ کی خبریں جھوٹی,entertainment
مشکل میں پھنسا ’دا کپل شرما شو‘، تو کیا سلمان لگا سکتے ہیں کپل شرما کی کلاس؟,entertainment
اس اداکارہ کا بلیک بولڈ انداز دیکھ کر اڑ جائیں گے ہوش، تصویریں انٹرنیٹ پر وائرل,entertainment
دھونی نےمیچ کےدوران گیند بازکولگائی ڈانٹ توآنکھوں میں آگئےآنسو,cricket
عورتوں کی عزت کرتا ہوں، اس لئے ان کا پسندیدہ ہوں : شاہ رخ,entertainment
عالیہ بھٹ کو پسند آیا اس کرکٹر کی بیٹی کا گانا گاتے ہوئے یہ خوبصورت ویڈیو,entertainment
"جب اچانک کرن جوہر کے سامنے آیا ""جڑوا بھائی"" ، کرن نے کہا الفاظ نہیں ہے میرے پاس",entertainment
اس خوبصورت اینکر نے راشد خان سے لگائی گہار، پلیز میرے بوائے فرینڈ کو گیندبازی مت کرنا,cricket
ٹی وی پر واپسی کے ساتھ کپل شرما کا ڈبل دھماکہ، کرنے جا رہے ہیں اس لڑکی سے شادی,entertainment
"انگلینڈ کے سابق کرکٹر نے کہا، "" کراری شکست کے لائق ہی ہے ٹیم انڈیا‘‘۔",cricket
تاریخی سیریز جیت کے بعد ٹیم کے کپتان پر لگی پابندی ، شین وارن نے آئی سی سی کی سخت تنقید کی,cricket
پھر سامنے آیا ٹی وی کی سب سے بولڈ ادکارہ کا بکنی انداز ، دیکھ کر اڑ جائیں گے آپ کے ہوش,entertainment
! ٹیم انڈیا کو پاکستان جانا ہی ہوگا... ورنہ پابندی لگ سکتی ہے,cricket
جنسی تعلقات بناتے وقت دم گھٹنے سے ہوئی تھی گرل فرینڈ کی موت ، بوائے فرینڈ کے خلاف کیس درج,crime
ریواڑی اجتماعی آبروریزی : اہم ملزمین میں سے ایک نشو پھوگاٹ گرفتار ، دو دیگر کی تلاش جاری,crime
گروگرام تشدد معاملہ میں ایک اور ملزم گرفتار، ہولی کے دن گھر میں گھس کر کیا تھا حملہ,crime
مشہور گلو کارہ سنیدھی چوہان اب اداکاری میں آزمائیں گی قسمت,entertainment
روہت شرما کی سنچری سے پہلے ہی وراٹ کوہلی نے ڈکلیئر کردی اننگز ، جانیں کیا تھی اس کے پیچھے اصل وجہ,cricket
آئی پی ایل 2019: چنئی سوپرکنگس بنام ممبئی انڈینس: آج ہوگا دلچسپ مقابلہ,cricket
کبھی ٹیم میں بھی فٹ نہیں بیٹھتا تھا پاکستان کا یہ کھلاڑی ، اب ورلڈ کپ کی پلاننگ کا ہے اہم حصہ,cricket
ثانیہ مرزا نے اپنے بیٹے اذہان مرزا ملک کی میچ دیکھتے ہوئے پوسٹ کی خوبصورت تصویر,entertainment
سو کروڑ کا گھر، 15 کروڑ کی گاڑیاں، امیروں کے سلطان ہیں سلمان خان,entertainment
آدھی رات کو دروازہ پیٹنے لگا کانگریسی لیڈر ، عزت بچانے کیلئے طالبہ نے مچادیا شور اور پھر ہوا کچھ ایسا ...۔,crime
"ونیتا نندا کے الزام پرآلوک ناتھ کا جواب ""میں نے نہیں کسی اورنے کی ہوگی آبروریزی""۔",crime
نواز الدین اور سنی دیول کے اس ’بیٹے‘ کا پاکستان میں اڑ رہا ہے مذاق، یہ ہے وجہ,entertainment
پلوامہ حملے پرسوربھ گانگولی کا بڑا بیان: بولے، پاکستان کے ساتھ ختم کرو تمام رشتے,cricket
....پہاڑ گنج کی سڑکوں پر بغیر کپڑوں کے گھومتی نظر آئی یہ اداکارہ ! پھر ہوا یہ,entertainment
پاکستانی کپتان سرفراز احمد نے کرکٹ ورلڈ کپ کو لے کر کیا بڑا دعوی ، کہی یہ بات,cricket
کینیڈا میں قتل کے بعد خود کشی معاملے، چار ہلاک,crime
فلم میں فحش مناظر کے لئے ان 5 بالی ووڈ اسٹارس نے استعمال کی یہ چیز، جان کر اڑ جائیں گے ہوش,entertainment
دوشیزہ کی لاش برآمد ، جس کی آبروریزی کے بعد مجرموں نے کر دیا قتل,crime
بالی ووڈ اداکار اکشے کمار نے کناڈا کو بتایا اپنا اصلی گھر ، لوگوں نے کہا : غدار نصیر الدین شاہ نہیں تم ہو,entertainment
بدھائی ہو‘ کا ٹریلر ہوا رلیز، دیکھ کر ہنسنے پر ہو جائیں گے مجبور’,entertainment
سلمان کے بارے میں بات کرنا میرے موجودہ ریلیشن شپ کی توہین: کٹرینہ,entertainment
ابھیشیک کو 2 سال کام نہ ملنے پر ایشوریہ رائے کا آیا بیان، شوہر کے کیریئر کے لئے دی اتنی بڑی قربانی,entertainment
جب عامر خان نے لیا تھا یش چوپڑا کے ساتھ کام نہ کرنے کا فیصلہ، شاہ رخ تھے وجہ,entertainment
حاملہ نیہا دھوپیا بیبی بمپ دکھاتی آئیں نظر ، دیکھیں یہ خوبصورت تصویریں,entertainment
کالا ہرن شکار کیس : سلمان خان کا بیان درج ، کورٹ نے پوچھے 65 سوالات، سیف نے کہا : مجھے پھنسایا گیا,entertainment
پارلر سے گھر جا رہی لڑکی کو راستے میں چار نوجوانوں نے اغوا کرکے کی اجتماعی عصمت دری,crime
جلد ہی ٹوٹنے والا ہے فخر زمان کا سب سے تیز 1000 رنوں کا ریکارڈ ، یہ کھلاڑی ہاتھ دھوکر پڑا پیچھا !۔,cricket
دارالحکومت پٹنہ میں لالو یادو کے قریبی آر جے ڈی لیڈر کا گولی مار کر قتل,crime
کیا سچ میں سلمان خان نے کیرالہ کو عطیہ کئے 12 کروڑ روپیے؟,entertainment
اب تیمور کے ساتھ رہیں گے باڈی گارڈ ، سیف اور کرینہ نے مداح کی اس حرکت کے بعد لیا فیصلہ,entertainment
ہندوستان کے خلاف ون ڈی اور ٹی 20 سیریز کیلئے آسٹریلیائی ٹیم کا اعلان ، چار تیز گیند باز باہر,cricket
دفعہ ۔ 377 پر بالی ووڈ نے سپریم کورٹ کے فیصلے کو تاریخی فیصلہ کہہ کر ایسے کیا استقبال,entertainment
اترپردیش میں 13 سالہ معصوم کی عصمت دری، ملزم پولیس کے حوالے,crime
تصاویر : دبئی میں منعقدہ شادی کی تقریب میں آخری مرتبہ کچھ اس انداز میں نظر آئی تھیں سری دیوی,entertainment
کے راہل کے دم پرکنگس الیون پنجاب کو ملی دلچسپ جیت، حیدرآباد کوملی شکست,cricket
پاکستانی کرکٹر احمد شہزاد پر عائد پابندی ختم ، تاہم قومی ٹیم میں واپسی کی راہیں کافی مشکل !۔,cricket
بیرون ملک 'پی کے' کی دھوم، 300 کروڑ روپے سے زیادہ کی کمائی کی,entertainment
مادھوری دکشت کی طبیعت خراب، امریکہ کے اسپتال میں بھرتی,entertainment
"ایشا امبانی پری ویڈنگ : جب اپنے "" ہیرو "" سے ملنے کیلئے ودیا بلن نے کی اسمرتی ایرانی سے درخواست",entertainment
گیند سے چھیڑ چھاڑ کی اصلی وجہ ڈیوڈ وارنر کی اہلیہ !۔,cricket
اترپردیش : نوجوان پر بکری کے ریپ کا لگا الزام ، پولیس جانچ میں مصروف,crime
نابالغ بچی نے دیا بچے کو جنم، سامنے آیا ریپ اورہوا یہ سنسنی خیز انکشاف، اڑ جائیں گے ہوش,crime
ٹوئیٹر پر 1.7 کروڑ ہوئے امیتابھ کے فالوورس ، برا بھلا کہنے والوں کو بھی بگ بی نے کہا شکریہ,entertainment
سلمان خان نے اپنی دوست کٹرینہ کو کی اتنی مہنگی کار گفٹ,entertainment
حیدرآباد، چنئی، کولکاتا اورراجستھان رائلس کو ملی آئی پی ایل ٹاپ -4 میں جگہ,cricket
پی ایم مودی- بالی ووڈ ’ینگس ٹرس‘ کی میٹنگ ہوئی ختم، دیکھئے وزیر اعظم کے ساتھ اسٹارس کی سیلفی,entertainment
‘بالی ووڈ میں چلا ایلی اورام کے ٹھمکوں کا جادو، رلیز ہوا ’چھمہ چھمہ,entertainment
سالگرہ پر خصوصی : دلیپ کمار کا المیہ کردار اور سانحہ قصہ خوانی بازار,entertainment
کٹرینہ کیف نے خریدی سلمان خان کی پسندیدہ کار، قیمت سن کر ہی بگڑ سکتا ہے بجٹ,entertainment
کٹرینہ کیف نے کیا رلیشن شپ کے بارے میں اہم انکشاف ، شیئر کیا اپنا ' دل ۔ سے ' کنکشن,entertainment
رائل چیلنجرس بنگلور نے ٹاس جیت کر حیدر آباد کو دی بلے بازی کی دعوت,cricket
بگ باس 12 : انوپ جلوٹا کے ساتھ جسلین نے کیا سیکسی ڈانس ، ویڈیو ہوا وائرل,entertainment
احسان مانی پی سی بی کے چیئرمین نامزد، عمران خان نے ٹوئٹرپر کیا اعلان,cricket
پلوامہ حملہ کے بعد فلم سازوں نے کیا فیصلہ، ’ٹوٹل دھمال‘ کو پاکستان میں نہیں کریں گے رلیز,entertainment
جب اچانک کرن جوہر کے سامنے آ گیا ان کا جڑوا بھائی، دیکھ کر کرن بھی ہو گئے حیران,entertainment
"دیپیکا پڈوکون نے سب کے سامنے بتایا رنویر سنگھ کا ""بیڈروم سیکریٹ ""، سن کر سبھی رہ گئے حیران",entertainment
سڈنی میں تنہا پریکٹس کرنے گئے روی چندرن اشون ، پھر ٹیم انڈیا کیلئے میدان سےآئی یہ بری خبر!۔,cricket
آئی پی ایل 2019 : میچ سے پہلے ہارمونیم بجاتے ہوئے نظر آئے یہ غیر ملکی کھلاڑی ، دیکھیں ویڈیو,cricket
میدان میں پریتی زنٹا کےساتھ سیٹیاں بجاتے نظرآئے 'دھونی'، فوٹو وائرل,cricket
"دھونی نے جس کھلاڑی کا کیریئر بلندیوں پر پہنچایا ، اب وہی بنا ان کیلئے سب سے بڑا ""سردرد""۔",cricket
شرمناک : آئی سی یو میں آکسیجن لگی نابالغ لڑکی کا اسپتال کے اسٹاف نے نشے کے انجکشن دیکرکیا ریپ,crime
"کرکٹ کا یہ فارمیٹ نہیں کھیلیں گے وراٹ کوہلی ... سامنے آیا ""درد ""۔",cricket
دھوکہ دھڑی والی آن لائن شاپنگ کا اشتہار کرنے پر فرحان اور رنبیر پر مقدمہ,entertainment
بچے کو پنجرے میں قید کرکے بھوک سے مارنا چاہتا تھا باپ ، ماں بھی دے رہی تھی ساتھ ، وجہ جان کر اڑجائیں گے ہوش,crime
شکھردھون کی شانداربلے بازی اورکلدیپ - محمد شمی کی بہترین گیند بازی کی بدولت ٹیم انڈیا نے نیوزی لینڈ کودی شکست,cricket
تاپسی نے بھدّے کمینٹ پر دیا ایسا جواب کہ ’جاروں خانے چت ہو گیا‘ وہ شخص,entertainment
حیرت انگیز ! اس ٹیم نے 50 اووروں میں بنا ڈالا 596 کا اسکور ، لیکن لگے صرف تین چھکے,cricket
نیوزی لینڈ نے ورلڈ کپ 2019 کیلئے اپنے اسکواڈ کا کیا اعلان ، ان بڑے کھلاڑیوں پر لگایا داو,cricket
سوشل میڈیا پر اب ملائیکہ اروڑہ کی تصویر ہوئی وائرل ، وجہ جان کر چونک جائیں گے آپ,entertainment
باہو بلی 2 : فرسٹ ڈے فرسٹ شو پر جانیے کس نے کیا کہا ؟ ,entertainment
قادر خان کی کناڈا میں ہوئی تدفین، سامنے آئیں تصویریں، نہیں نظر آیا آخری رسوم میں کوئی بھی بالی ووڈ فنکار,entertainment
اس اداکارہ کے حاملہ ہونے کی وجہ سے ہوئی تھی خاموشی سے شادی، شوہر نے ریڈیو پر کھولا راز,entertainment
اسکول کے 4 طلبا نے 10ویں کی طالبہ کا کیا ریپ ، پرنسپل سمیت 9 گرفتار,crime
بنگلورو:چلتی گاڑی میں 23 سالہ لڑکی کی عصمت دری ، ملزمین کو 14دنوں کی پولیس تحویل بھیجا گیا,crime
کپتان کوہلی نے سنچری کے ساتھ بنا ڈالے ایک درجن سے زائد ریکارڈ، توڑ دیا اظہرالدین کا ریکارڈ بھی,cricket
سکم سے متعلق یہ بیان دے کر ٹرول ہوگئیں اداکارہ پرینکا چوپرا ، یوزرس نے دیا معلومات میں اضافہ کا مشورہ,entertainment
مدھیہ پردیش : لڑکی کو اغوا کرکے کی اجتماعی عصمت دری ، متاثرہ کی حالت نازک,crime
ٹیم انڈیا سے کھیلنا چاہتا تھا یہ کرکٹر ، مگر اب وراٹ - دھونی کو ہرانے میں لگائے گا دم !۔,cricket
حیدرآباد : انٹرنیٹ سنسیشن پریہ پرکاش کے خلاف شکایت درج ، ڈائریکٹر کے خلاف بھی ایف آئی آر,entertainment
فرش پر سو گئے مہیندر سنگھ دھونی اور ان کی بیوی ساکشی، تصویر ہوئی وائرل,cricket
چھبیس نومبر کو شادی کرنے جا رہی ہیں اسن,entertainment
وزیر اعظم نریندر مودی کی بایوپک میں ان کی اہلیہ 'جسودابین۔ کا کردار ادا کرے گی یہ اداکارہ,entertainment
کرینہ کپور سے لے کر گوتم گمبھیر تک یہ مشہور ہستیاں لڑ سکتی ہیں لوک سبھا انتخابات,entertainment
فحش ڈائیلاگ اور سین کی وجہ سے پاکستان میں 'ویرے دی ویڈنگ' پر پابندی,entertainment
پاکستان اور بنگلہ دیش میں ہو گا سیمی فائنل، 900 ونڈے کھیلنے والا ملک بننے کے لئے پاکستان کے پاس بہترین موقع,cricket
اداکار کے لئے مختلف کرداروں کو نبھانا اہم : نوازالدین صدیقی,entertainment
کرکٹر کے ایل راہل کے ساتھ معاشقہ پر اداکارہ ندھی اگروال نے توڑی خاموشی ، یہ ہے بڑی وجہ,cricket
دوستی کے نام پر نابالغ لڑکی کی دوستوں نے کی عصمت دری، دونوں ملزمین گرفتار,crime
نا بالغ سے آٹو ڈارائیور نے کی عصمت دری ، پولیس نے دو کو کیا گرفتار,crime
آبروریزی کرنے میں ناکام ہوا تو بھابھی کے ساتھ کردی یہ وحشیانہ حرکت ، پھر اٹھایا یہ انتہائی قدم,crime
اس معاملے میں ہندوستانی کھلاڑیوں سے آگے نکلےعمران خان، لوگوں نے کہا ملک کا ’’حقیقی کپتان‘‘۔,cricket
نابالغ بچی کی عصمت دری کے بعد قتل، لڑکی کے جسم پر متعدد زخم کے نشانات,crime
عالمی کپ 2019: ہندوستان۔ پاکستان کا میچ ہونا طے، آئی سی سی نے جاری کیا بڑا بیان,cricket
ایشا امبانی کے سنگیت پروگرام میں پہلی مرتبہ دیکھنے کو ملے یہ نظارے,entertainment
! دنیا کا سب سے تیز گیند باز بھی لگا رہا ہے کوہلی اینڈ کمپنی پر داؤ,cricket
بولڈ کرکے جشن منانے لگے سمیع ، لیکن کپتان کی وجہ سے امپائر نے قرار دیا ناٹ آوٹ ، پھر رسل نے برپا کردیا قہر,cricket
بڑے سیکس ریکیٹ کا پردہ فاش ، کثیر تعداد میں قابل اعتراض اشیا برآمد، چار لڑکیوں سمیت چھ افراد گرفتار,crime
سلمان خان کی سابق بھابھی اب اس اداکار کی بنیں گی دلہن ، 2019 میں کرسکتی ہیں شادی ؟,entertainment
پاکستانی پینٹر’’ارجیت سنگھ‘‘ کودیکھا آپ نے؟ اس کی آواز کے آپ بھی ہو جائیں گے گرویدہ,entertainment
ہندوستانی لڑکی کی محبت میں اس پاکستانی کرکٹر نے چھوڑ دیا اپنا ملک ، اب سبھی ہیں ان کی گیند بازی کے قائل,cricket
ہندوستان کے ہاتھوں شکست کے بعد محتاط پاکستانی ٹیم نے جم کر بہایا پسینہ ، دیکھیں یہ ایکسکلوزیو ویڈیو,cricket
الیکٹریشین بننے جارہا تھا پاکستان کا یہ کھلاڑی ، شعیب ملک بن کر آئے مسیحا اور بدل گئی زندگی ، اب آسٹریلیا کے چھڑا رہا چھکے,cricket
ڈیبیو میچ میں اپنی اننگ سے مطمئن نہیں ہیں مینک اگروال,cricket
انوشکا شرما نے ایک لڑکے کو سڑک پر لگائی پھٹکا ر، وراٹ کوہلی نے شیئر کیا ویڈیو,entertainment
"۔""رنویر "" کے نام سے پاکستانی اداکارہ ماہرہ خان کو کررہا تھا ٹرول ، مگر خود ہی پھنس گیا یوزر",entertainment
بارہ دن تک اغواکاروں کے قبضہ میں رہا معصوم دلشاد گارڈن سے بحفاظت رہا,crime
آخری ٹیسٹ سے قبل جنوبی افریقہ کی ٹیم کو لگا بڑا جھٹکا ، دوسرے ٹیسٹ کا ہیرو میچ سے باہر,cricket
! بالی ووڈ اداکارہ نے سلمان سے سر عام کہا - تم شادی چھوڑو، سیدھے بچے پیدا کر لو,entertainment
پاکستان کے خلاف ہیٹ ٹرک لینے والے واحد کھلاڑی ہیں عرفان پٹھان,cricket
نیوزی لینڈ کے خلاف ون ڈے سیریز سے پہلے بنگلہ دیش کو لگا جھٹکا ، یہ بڑا کھلاڑی ہوا باہر,cricket
عامر خان کی ' بیٹی ' زائرہ وسیم کو دنڈوشی سیشن کورٹ نے جاری کیا سمن,entertainment
ٹائمز سلیبیكس کی فہرست میں اکشے اور کٹرینہ نمبر ون,entertainment
سپنا چودھری مداحوں کے لئے آئی خوشخبری، کرنے جا رہی ہیں بالی ووڈ میں ڈیبیو,entertainment
پاکستان کے حیدرآباد میں دھماکہ، 24 زخمی,crime
ایشوریہ رائے اتنے سالوں بعد آخر کس کی صلاح پر کرنے جا رہی ہیں یہ کام,entertainment
بڑا انکشاف: 'بھابھی جی' شلپاشندے اب لڑیں گی انتخابات، تھامیں گی ہاتھ کا ساتھ,entertainment
منگنی کے بعد چھٹیاں منانے میکسیکو پہنچے پرینکا ۔ نک ، سامنے آئی تصوریں,entertainment
راجستھان میں بھیڑ کی وحشیانہ انداز میں پٹائی سے ایک اور مسلم مزدور کی موت,crime
سلمان خان نے فلم دنگل کیلئے عامر خان کو یہ دیا تھا مشورہ,entertainment
سنی لیونی کے بھائی نے کچھ اس طرح بیچے تھے بہن کے اشتہار,entertainment
فلم ساز سنجے لیلا بھنسالی کی اس سال پانچ فلمیں ہوں گی ریلیز,entertainment
بمراہ کی گیند بازی دیکھ کر حیران ہوئے ڈینس للی ، کہا : ایسی بالنگ کسی کتاب میں نہیں سکھائی جاسکتی,cricket
طویل عرصہ بعد یوسف پٹھان کی کرکٹ میدان پر ہوئی واپسی ، اس ٹیم میں کھیلیں گے,cricket
نیوز 18 رائزنگ انڈیا : کنگنا رناوت نے کہا : میں وزیر اعظم مودی کی سب سے بڑی مداح ہوں,entertainment
لکژری ٹرینوں کے لائق نہیں ہم؟ مسافرنل اور پائیدان تک چرا لے گئے,crime
رنبیر کپور سے عالیہ بھٹ کے رشتہ کو لے کر مہیش بھٹ نے کہی یہ بڑی بات,entertainment
ٹیم انڈیا کے خلاف شان مارش نے لگائی شاندارسنچری، آسٹریلیا نے دیا 298 رنوں کا ہدف,cricket
سونم کی مہندی میں دیوانہ ہوا بالی ووڈ ، سویگ میں نظر آئے یہ سلبریٹیز,entertainment
سنی لیونی کی نازک جلد کے بارے میں کیسے جانتا ہے یہ شخص ؟,entertainment
لو سیکس اور دھوکہ: شوہر کو اس حالت میں پکڑا جہاں ثبوت کی ضرورت نہیں ہوتی,crime
وائرل: جیجی حدید کا پوسٹ کاپی کر ٹرول ہوئی تھی اورواشی رائوتلا، اب مانگی معافی,entertainment
یہ ہیں بالی ووڈ کے ریئل كپل ، پردے پر بھی مچا چکے ہیں دھمال,entertainment
"انگلینڈ سے چوتھا ٹیسٹ ""ہارنے کی پریکٹس ""کررہی ٹیم انڈیا ! دوہرا رہی یہ ہے ""بڑی غلطی ""۔",cricket
بہار میں آرٹی آئی کارکن سمیت دولوگوں کا گولی مارکر قتل، کیس درج,crime
‘پانچ سال کی اس بچی کی تصویر سوشل میڈیا پر وائرل، لوگوں نے بتایا ’ دنیا کی سب سے خوبصورت لڑکی,entertainment
اس صدر نے کیا بھرے منچ سے ایک خاتون کو ’ لپ کس‘، ہوگیا تنازعہ,entertainment
بھونیشور کمار نے چھکا کا لیا بدلہ ، اپنائی یہ حکمت عملی اور چاروں خانے چت ہوگیا نیوزی لینڈ کا طوفانی بلے باز,cricket
فلم رئیس کی کمائی سے شاہ رخ نے توڑا سلمان کا ریکارڈ,entertainment
پلوامہ حملہ سے پاکستان سپرلیگ کو لگا بڑا جھٹکا ، ڈی اسپورٹس کے بعد اب اس کمپنی نے بھی کھینچے اپنے ہاتھ,cricket
دوستوں کے ساتھ سوئمنگ پول میں نہانے گئی تھی لڑکی، 8 لڑکوں نے 10 مرتبہ مسلسل کیا ریپ اور ویڈیو بھی بنایا,crime
اس اداکارہ پر لگا تھا سیف علی خان کو گھر سے نکالنے اور ٹارچر کرنے کا الزام,entertainment
ایس پی خاتون لیڈر کے ہوٹل میں چل رہا تھا سیکس ریکٹ ، قابل اعتراض حالت میں ملے لڑکے اور لڑکیاں,crime
لٹیرا کو ایوارڈ نہ ملنے سے دکھ ہوا تھا : رنویر سنگھ,entertainment
آئی پی ایل 2018: ممبئی انڈینس نے کولکاتانائٹ رائیڈرس کو 13 رنوں سے شکست دی,cricket
جب غصے میں انڈیاز بیسٹ ڈرامے باز کی شوٹنگ چھوڑ کر چلی گئیں ہما قریشی,entertainment
آخری ونڈے میں بھی ٹیم انڈیا نے نیوزی لینڈ کو روند دیا، سیریزپر1-4 سے قبضہ، محمد شمی بنے مین آف دی سیریز,cricket
ٹی وی اداکارہ شلپا شندے نے تھاما کانگریس کا دامن، راہل گاندھی کو وزیر اعظم بنتے دیکھنا چاہتی ہیں,entertainment
پاکستان کے خلاف ٹی 20 سیریز سے باہر ہوا جنوبی افریقہ کا یہ بڑا کھلاڑی ، پہلے میچ میں کھیلی تھی طوفانی اننگز,cricket
کالج میں پڑھاتے تھے قادر خان ، لیکن دلیپ کمار کی اس ایک پیشکش نے بدل دی پوری زندگی,entertainment
عرفان خان کے مداحوں کے لئے بری خبر، ’گورمنٹ‘ کو بول دیا الوداع,entertainment
اسلام آباد میں ہوئی پیدائش ، اب آسٹریلیا کی جانب سے سنچری بناکر پاکستان کی اڑائی نیند !۔,cricket
انسٹاگرام پر فیک اکاؤنٹ چلاتی ہیں سارہ علی خان، ہاٹ ماڈل کو کرتی ہیں لائیک,entertainment
جنوبی ہندوستان کی اس اداکارہ نے زہریلی جھیل کے اندر ڈوب کر کروایا فوٹو شوٹ ، تصویریں وائرل,entertainment
اب فواد خان کی جگہ سیف علی خان کے ساتھ فلم بنائیں گے کرن جوہر,entertainment
بالی ووڈ کے وہ اسٹارس جنہوں نے کی اپنے کو- اسٹار سے شادی,entertainment
وراٹ کوہلی کی بیوی انوشکا شرما کے ساتھ رومانس کرتے نظر آئے شاہ رخ خان ، ویڈیو میں دیکھیں,entertainment
اب سونو نگم نے ٹویٹ کیا اذان کا ویڈیو ، لکھا : گڈ مارننگ,entertainment
تصاویر : کیا آپ نے دیکھا ہے شلپا شیٹی کا وارڈ روب کلیکشن,entertainment
پڑھئے ، آخر انوشکا شرما نے کیوں کہا : تینوں خان کو لے کر نہیں بنا سکتی فلم,entertainment
فلم اڑتا پنجاب کو اے گریڈ کا ملا سرٹیفکیٹ ، نہلانی نے کہا : اب پروڈیوسر اور کورٹ جانے,entertainment
کرینہ کپورخان بی ٹاون میں اپنے جم پہنچیں، دکھائی دیا ادارکارہ کا دلکش انداز,entertainment
اجے دیوگن نے مجھے بڑا آدمی بنا دیا : کمال راشد خان,entertainment
"پاکستان کو پٹخنی دے کر نیوزی لینڈ کی تاریخی جیت میں چمکے "" غیر ملکی "" کھلاڑی ، بنا ڈالے کئی ریکارڈز",cricket
چھوٹے شہروں اور قصبوں میں کرکٹ کے فروغ کیلئے یوسف اور عرفان پٹھان نے اٹھایا یہ بڑا قدم,cricket
انوپ جلوٹا پر اس اداکارہ نے لگایا تھا جنسی استحصال کا الزام، کئے متعدد انکشافات,entertainment
دیپیکا کو پیچھے چھوڑ کر کنگنا ایک مرتبہ پھر بنی کوین، انتی بڑھا دی اپنی فیس,entertainment
ہیٹ اسٹوری۔ 3 نے ہفتے کے آخر تک 27 کروڑ کی کمائی کی,entertainment
روہت دھون کی فلم میں کام نہیں کریں گے بالی ووڈ اداکار ریتک روشن,entertainment
پاکستان سپر لیگ کے آغاز سے عین قبل کوئٹہ گلیڈی ایٹرس کو لگا جھٹکا ، یہ بڑا کھلاڑی ہوا زخمی,cricket
کیلاش ستیارتھی کے گھر چوری، نقد-زیور کے ساتھ نوبل انعام کا توصیف نامہ بھی چرا لے گئے چور,crime
فائنل نہیں ہے یہ ٹیم ، ابھی بھی ورلڈ کپ کی ٹیم میں میں ہوسکتی ہے تبدیلی ! ۔,cricket
شاہ رخ کی فلم کے آئٹم نمبر میں نظر آسکتی ہیں سنی لیونی,entertainment
سری دیوی کی موت کی جانچ کے لئے دائر کی گئی عرضی سپریم کورٹ میں خارج,entertainment
بگ باس کے گھر کی تصویریں ہوئیں لیک ، دیکھئے اس مرتبہ کیسا نظر آئے گا گھر اور کیا کیا ہیں انتظامات,entertainment
یوراج سنگھ کی ایکس گرل فرینڈ کریں گی بگ باس 12 میں وائلڈ کارڈ انٹری,entertainment
بیٹوں کے ساتھ کام کرنے کے لئے صحیح اسکرپٹ کی تلاش کررہے ہیں دھرمندر,entertainment
شادی کے بعد اس شاندار فلم سے بالی ووڈ میں واپسی کریں گی دیپیکا,entertainment
سری دیوی کی ناگہانی موت سے کرن جوہر کی یہ خواہش رہ گئی ادھوری,entertainment
سلمان خان سمیت بالی ووڈ کے یہ 7 فلم اسٹارس، جو آج بھی کر رہے ہیں اپنے ہم سفر کا انتظار,entertainment
آئی پی ایل 2018 لائیو : کولکاتہ کو جیت کیلئے 177 رنوں کا ہدف ، کے کے آر کی اننگز جاری,cricket
بالی ووڈ کے کھلاڑی اکشے نے چنئی کیلئے دیئے ایک کروڑ روپے,entertainment
ٹیم انڈیا کا یہ کھلاڑی کبھی جیتا تھا بنداس زندگی ، اب نہیں نکل رہا گھر سے بھی باہر,cricket
"تو یہ ہے کرن جوہر اور منیش ملہوترا کے ""رلیشن شپ "" کا سچ",entertainment
آپ کی نظروں نے سمجھا پیار کے قابل مجھے'...جیسے گانے والے مدن موہن کو کبھی فلم فیئر کیوں نہیں ملا' ؟,entertainment
سالگرہ مبارک رنبیر: کیا ہونے والی ہے عالیہ اور رنبیر کی منگنی؟,entertainment
!سلمان خان کی بھارت کے بعد کیا کرنے والی ہیں کٹرینہ کیف,entertainment
جب پاکستان میں پھیل گئی تھی ایشوریہ رائے بچن کی خودکشی کی افواہ,entertainment
امیتابھ اورایشوریہ ہیں بالی ووڈ کے سب سے زیادہ گلیمرس ستارے,entertainment
فوج کے جوان کا الزام، بیوی نے پرائیویٹ پارٹ پر زہریلا مرہم لگاکر رچی تھی یہ سازش,crime
سالگرہ پر خاص: اس بولڈ اداکارہ کی وجہ سے ہیرو بنے تھے دلیپ کمار,entertainment
پوتی کر رہی تھی ایسا ڈانس کی آخر میں ’یہ‘ کرنے پر مجبور ہوئی دادی,entertainment
‘جب شادی کے جھانسے میں پھنس گئی تھیں ’ بالی ووڈ کی کوین,entertainment
آئی پی ایل 2019 : دہلی کیپیٹلس سے جڑے شیکھر دھون ، کہا : جیت کیلئے بلے بازوں کو لینی ہو گی زیادہ ذمہ داری,cricket
میچ میں دو مرتبہ سنچری سے چوک جانے کے باوجود پاکستانی کپتان سرفراز احمد نے کرڈالا یہ بڑا کارنامہ,cricket
آئندہ فلم ’بھارت‘ کے لئےابھی صرف سلمان کو کاسٹ کیا گیا ہے: ظفر,entertainment
پرینکا۔ نک کے رسیپشن میں پہنچے پی ایم مودی اور کئی نامی ہستیاں، دیکھیں تصویریں اور ویڈیو,entertainment
یوم پیدائش: جب کشور کمار نے گھر کے باہر بورڈ پر لکھوایا- بی وئیر آف کشور,entertainment
ریس 3 کا ٹریلر دیکھا .....اور یہ ڈائیلاگ مس کر گئے تو کیا دیکھا,entertainment
گنگولی+ دھونی+کوہلی= کپتان عمران خان: آخر کیسے؟,cricket
می ٹو مہم: اب دیا مرزا نے بھی کہا، ساجد کے بارے میں شروع سے معلوم تھا,entertainment
انگلینڈ کے اس کھلاڑی نے ٹیم انڈیا کو دی وارننگ ، ٹیسٹ جنگ میں بھلا دیں گے دوستی,cricket
پاکستان کے اس تیز گیند باز نے اڑائے آسٹریلیا کے ہوش ، 100 سالوں میں کوئی گیند باز نہیں دے سکا ہے یہ کارنامہ انجام !۔,cricket
میں شکیل دل کا ہوں ترجماں کہ محبتوں کا ہوں رازداں، بہترین نغمہ نگار اوربہترین غزل گوشاعر تھے,entertainment
باپ نے کی چارمہینہ تک اپنی بیٹی کے ساتھ عصمت دری، ملزم گرفتار,crime
سب کا دل جیت رہی یہ وائرل تصویر، بالی ووڈ بھی ہوا ان معصوموں کا دیوانہ,entertainment
آر ایس ایس کے اجلاس میں بالی ووڈ کا مجمع، نوازالدین صدیقی سمیت بھوجپوی اورہندی فلموں کے ستارے سرخیوں میں,entertainment
لڑکی کی عصمت دری کے بعد اس کی ایم ایم ایس بنائی,crime
کالا ہرن شکار معاملہ : سلمان خان کی اپیل پر سماعت ملتوی ، اب ملی یہ تاریخ,entertainment
"پہلے پریشان کیا اور پھر پویلین کی راہ دکھائی ... اس طرح دھونی کے ""جال "" میں پھنس گئے وراٹ کوہلی",cricket
ہالی ووڈ کی اس فلم کیلئے پرینکا چوپڑا نے سلمان خان کو دیا دھوکہ ؟,entertainment
شعیب ملک نے حاصل کیا ایک اور سنگ میل ، ٹی 20 میں یہ کارنامہ انجام دینے والے بنے پہلے پاکستانی کھلاڑی,cricket
بی جے پی ایم ایل اے نے سوشل میڈیا پر مچائی کھلبلی ، سونالی بیندرے کی موت مان کر پیش کر دی خراج عقیدت,entertainment
شادی کی خبروں کے درمیان اسپتال پہنچے ارجن کپوراور ملائکہ اروڑہ، سامنے آئیں تصویریں,entertainment
"انٹرویو میں پوچھا گیا ""سیکس لائف "" سے وابستہ سوال ، تو اداکارہ پرینکا چوپڑا نے دیا یہ بے باک جواب",entertainment
اترپردیش : دوسری شادی کرنے کیلئے شوہر نے پانچ ماہ کی حاملہ بیوی کو فون پر دیا تین طلاق,crime
دیکھیں: کہاں ہیں اور آج کل کیا کر رہی ہیں عامر کی یہ ہیروئن!۔,entertainment
ہوٹل کی بالکنی سے نیچے کودنا چاہتے ہیں وکٹ کیپر ریشبھ پنت ! ۔,cricket
جوالا گٹا کا سنسنی خیز انکشاف، ایک افسرنے برباد کردیا میرا مستقبل!۔,cricket
پٹخنی دینے والی غیر ملکی خاتون ریسلر سے آج پھر لڑیں گی راکھی ساونت ، کہا : حساب برابر کروں گی,entertainment
گڈ نیوز: 'دا کپل شرما شو' کے مداحوں کے لئے آئی یہ بڑی خوشخبری، جانیں یہاں,entertainment
شہید فوجی پر متنازع بیان کے لئے اوم پوری نے مانگی معافی,entertainment
اب ملیشیا میں بھی پدماوت پر پابندی عائد، کہا مجروح ہو سکتے ہیں مسلمانوں کے جذبات,entertainment
...جانہوی کپور کی ’دھڑک‘ دیکھ کر لتا منگیشکر نے کہہ دی ایسی بات,entertainment
پاکستانی فنکاروں کی حمایت میں آئے سلمان خان ، کہا : دہشت گرد اور فنکار میں فرق ہوتا ہے,entertainment
فلم ’لو راتری‘ کا ٹریلر دیکھ کر آجائے گی آپ کو ’دل والے دلہنیا لے جائیں گے‘ کی یاد,entertainment
پرینکا چوپڑا کے منگیتر نک جونس کو یہ ہے بیماری ، سوشل میڈیا پر کیا چونکانے والا انکشاف,entertainment
پی سی بی کو لگا بڑا جھٹکا ، تمام تر کوششوں کے باوجود اس ملک نے اپنی ٹیم پاکستان بھیجنے سے کیا انکار,cricket
شی ٹو: راکھی ساونت نے لگایا تنو شری پر عصمت دری کا الزام، کہا- ہم جنس پرست ہے وہ، دیکھیں ویڈیو,entertainment
کبھی اکشے تو کبھی شاہ رخ ، کئی ستاروں کے ساتھ جڑ چکا ہے پرینکا کا نام,entertainment
ہندوستان - پاکستان مقابلہ : کب ، کہاں اور کیسے دیکھ سکتے ہیں آپ میچ ، یہاں ہوگی آن لائن اسٹریمنگ,cricket
دیپیکا پڈوکون نے اپنے بولڈ انداز سے سوشل میڈیا پر لگا دی آگ، دیکھیں تصاویر,entertainment
فوٹوز:اس بکنی تصویر سے سوشل میڈیا پر چھا گئی سنجے دت کی بیٹی ترشلا,entertainment
آسٹریلیا کے خلاف سیریز کے دوران قانون توڑنے پر ہوئی تھی سخت کارروائی ، وطن لوٹتے ہی اس پاکستانی کھلاڑی نے مچایا تہلکہ,cricket
"دھونی کی گالی کا ہوتا ہے ""اثر"" ، ایک کھلاڑی ہوچکا ہے ٹیم انڈیا سے باہر ، اب تیز گیند باز خلیل احمد کا کیا ہوگا ؟",cricket
پہلی بار دیپیکا کے ساتھ گھر سے باہر نکلے رنویر سنگھ، تصاویر وائرل,entertainment
مشکل میں پھنسا پاکستان کا یہ کرکٹر ، رشوت کا الزام ، برطانیہ کی عدالت میں پیش ہونے کا حکم,cricket
وجے مالیا کے ہمشکل کے ساتھ نظر آئے وراٹ، سوشل میڈیا پر برپا ہنگامہ,cricket
سلمان کی سزا پر بولے پاکستانی وزیر خارجہ: ’مسلمان‘ ہیں اس لئے ملی سزا، ہوئے ٹرول,entertainment
روہت شیٹی کے ساتھ دوبارہ کام کریں گے شاہ رخ خان,entertainment
کٹھوعہ آبروریزی کیس پر پھوٹا بالی ووڈ کا غصہ ، اکشے کمار نے کہا : انصاف ہو ، فورا ہو اور سخت ہو,entertainment
وراٹ کوہلی کو ذہنی سکون کے لئے ایشیا کپ میں دیا آرام: روی شاستری,cricket
روہت نے پریس کانفرنس میں سرفراز کے سامنے کہا، اپنے لڑکوں کو کنٹرول میں رکھا کرو,cricket
ثانیہ مرزا سے اس کرکٹرنے کی چھیڑچھاڑ، لگ سکتی ہے تاعمرپابندی,cricket
بپاشا باسو کی وہ فلمیں جسے نہیں دیکھنا چاہیں گے آپ!۔,entertainment
پورن دیکھنے کے بعد 9 سے 14 سال کے لڑکوں نے کی 8 سالہ بچی کی عصمت دری,crime
علی گڑھ مسلم یونیورسٹی کے طالب علم کے قتل کےبعد حالات کشیدہ,crime
بگ باس کے گھر میں جائے گا ٹیم انڈیا یہ سابق کھلاڑی ، سامنے آئے گی بڑی سچائی,cricket
اب راکی کی ماں منورما دیوی فرار، پولیس گرفتاری کی تیاری میں، منورما دیوی پارٹی سے معطل,crime
پرینکا۔نک کے طلاق پر پرینیتی کو یاد آئی 'جوتا چھپائی' کی رسم، بتائی یہ بات,entertainment
شادی کے بعد سب سے پہلے دیپیکا کے اس قریبی سے ہوگا رنویر کا سامنا,entertainment
آفریدی کا ورلڈ ریکارڈ توڑ کر جلد ہی 500 چھکے پورے کرے گا یہ بلے باز!۔,cricket
دیپیکا نے کی روتے ہوئے ویڈیو شیئر، بتایا کیا ہوا تھا ان کے ساتھ,entertainment
سالگرہ اسپیشل: ’صدمہ‘ سے لے کر ’ویشوروپم‘ تک ایسا رہا کمل ہاسن کا بالی ووڈ سفر,entertainment
سہرا باندھ چکے ہیں آنند اہوجا ، دل چرا رہا ہے سونم کپور کے 'دولہے راجا' کا یہ انداز,entertainment
تو اب الگ ہورہے ہیں ارباز اور ملائکہ اروڑہ ؟,entertainment
دنگل بنی سب سے زیادہ کمانے والی ہندی فلم ، 17 دن میں ہی پی کے کو پیچھے چھوڑا,entertainment
آئی پی ایل میں سب سے بڑا گیم ، یہ ایک غلطی ہوئی تو کروڑوں کا کنٹریکٹ ہونے پر بھی نہیں ملے گا ایک پیسہ,cricket
اکشے کمار کو بہترین اداکار ، فلم نیرجا کو بہترین ہندی فلم اور زائرہ وسیم کو بہترین معاون اداکارہ کا نیشنل ایوارڈ,entertainment
اب اس اداکارہ کے ساتھ ٹرین میں ہوئی چھیڑ چھاڑ ، مگر مدد کیلئے آگے نہیں آئے لوگ,entertainment
گلوکار عدنان سمیع کو ملی ہندستان کی شہریت ، نئے سال کا تحفہ,entertainment
کالج کی لڑکیوں کو دیکھ کرخود کو بھی کبڈی کھیلنے سے نہیں روک پائے ابھیشیک بچن,entertainment
عامر خان نے پاکستان کی تجویز کی مسترد ، فلم دنگل نہیں ہوگی وہاں ریلیز,entertainment
یہ اداکار نبھائیں گے اس فضائیہ کے پائلٹ کا کردار، پاکستان سے جنگ پر بنے گی فلم,entertainment
زندگی کے انجانے سفر سے بے حد محبت کرنے والے ہندی سنیما کے عظیم گلوکار تھے کشورکمار,entertainment
آسٹریلیا کے اس کھلاڑی کے خلاف پاکستان کو رہنا ہوگا محتاط ، ورنہ ٹیسٹ سیریز میں بھی ہار تقریبا طے !۔,cricket
صرف سلمان ہی نہیں ان سلیبرٹیز کے خلاف بھی درج ہو چکا ہے کرمنل کیس,entertainment
اس فلاپ اداکار کو ہٹ کروانے کی قسم کھا چکے ہیں سلمان خان,entertainment
"وراٹ کوہلی کو دوسری بار ملا ٹیم انڈیا سے ""دھوکہ""۔",cricket
کیا شاہد کپور کو بھی ہوا کینسر...؟ اور کنبے نے دیا ایسا رد عمل، جانئے کیا ہےاصل خبر,entertainment
انوپم کھیر جنسی مساوات کے لئے اقوام متحدہ کے سفیر بنے,entertainment
کوچ روی شاستری کا بڑا بیان ، 2019 کا ورلڈ کپ نہیں کھیلیں گے یہ چار بڑے کھلاڑی !۔,cricket
!موت سے چند گھنٹوں پہلے آخر کیا ہوا تھا اس رات دویا بھارتی کے ساتھ,entertainment
کانپور میں 96 کروڑ روپے کے پرانے نوٹ برآمد، 16 افراد حراست میں,crime
دو بہنوں کا کیا اغوا ، اجتماعی آبروریزی کے بعد ایک کو کھیت میں چھوڑا ، دوسری لاپتہ,crime
بیٹی کو برقع پہنانے پر ٹرول ہوئے اے آر رحمان، ٹرولرس کو دیا زبردست جواب,entertainment
"آنکھوں کے خراب ہونے سے ختم ہونے والا تھا اس پاکستانی کھلاڑی کا کیرئیر ، اب کیا ""دھماکہ ""۔",cricket
کسان والد نے ادھار مانگ کر دلائی تھی رائفل، آج بیٹے نے جیتا سلور میڈل,cricket
ٹیم انڈیا کا اعلان، ویسٹ انڈیزکے خلاف شکھردھون کی چھٹی، محمد سراج اوراگروال کی شمولیت,cricket
اب کنگنا رناوت نے کہا : مجھے اذان کی آواز کافی پسند ہے,entertainment
شرمناک : اپنی ہی 11 سال کی بچی کا دو مہینے سے ریپ کر رہا تھا باپ,crime
دو فلموں کا ہےآفر ، مگر سوچ سمجھ کر سائن کرنا چاہتی ہیں کرینہ,entertainment
بالی ووڈ سنگر سونو نگم نے کہا ' کاش میں پاکستان میں پیدا ہوتا ' جانئے آخرکیوں ؟,entertainment
اب شوبھا ڈے نے کہا : معافی مانگنے کی نوٹنکی نہیں کر سکتی,entertainment
جب وکاس نے لگایا دیپکا کو گلے تو شوہر شعیب ابراہیم نے سوشل میڈیا پر شیئر کیا یہ میسیج,entertainment
کیا اب ارجن تیندولکر کو کبھی ٹیم انڈیا میں نہیں ملے گی جگہ؟,cricket
شوہر کی جیت پر خوشی سے پاگل ہوئیں پرینکا چوپڑا، وائرل ہوئی کس کرتی تصویر,entertainment
قرینہ کپور پاکستانی فلم میں نظر آئیں گی,entertainment
تصویریں: ظہیر-ساگركا کی پارٹی میں شامل ہوئیں یہ ہستیاں، ایسا رہا انداز,entertainment
آئی پی ایل 2018 : کے ایل راہل کے دھماکہ کی بدولت پنجاب نے دہلی کو 6 وکٹوں سے دی مات,cricket
بالی ووڈ اداکارہ سونم کپور کا انکشاف ، بچپن میں میرے ساتھ ہو چکی ہے چھیڑ چھاڑ,entertainment
کیا آپ جانتے ہیں صرف بیرون ملک میں ہی نہیں چاند پر بھی ہے شاہ رخ کی زمین,entertainment
عرفان خان -سری دیوی بہترین اداکار و اداکارہ کا آئیفا بین الاقوامی ہندی فلم اکادمی ایوارڈ,entertainment
دہلی سے شاملی کو جانے والی پیسنجر ٹرین میں عالم دین کے قتل کی کوشش,crime
!ویرے دی ویڈنگ کے بعد آن اسکرین ماں بننے والی ہیں تیمور کی ممی,entertainment
خطرے میں 82 سالہ قدیم ورلڈ ریکارڈ ، پاکستان کے جادوئی گیند باز یاسر شاہ پہنچے انتہائی قریب,cricket
راجستھان رائلس کا یہ گیند بازنے کوہلی اورڈی ویلیئرس کے لئے بن گیا ہے پریشانی,cricket
آئی پی ایل 2019 : بنگلورو میں آندرے رسل کی سونامی ، پانچ وکٹ سے جیتا کولکاتہ نائٹ رائیڈرس,cricket
غازی آباد : مدرسہ میں لے جاکر ایک نابالغ نے 10 سالہ لڑکی کی آبروریزی کی ، ملزم گرفتار، لوگوں کا احتجاج,crime
پاکستان کے ’کپتان‘ بنے عمران خان کا کرکٹ سے سیاست تک کا سفر,cricket
چنئی سپرکنگس لے کر براوو نے کیا بڑا انکشاف ، جان کر سبھی آئی پی ایل ٹیموں کا چکرا جائے گا سر !۔,cricket
عامر خان نے کھولا راز ، فلمیں فلاپ ہونے پر لیتے ہیں اتنی فیس,entertainment
!وراٹ کوہلی 2018 میں سب سے آگے، جائیں کیسے,cricket
اسمرتی مندھانا نے 19 چھکے لگا کر بنا دیا ریکارڈ، جارحانہ بلے بازی سے اپنی ٹیم کو دلائی جیت,cricket
معصوم بچی سے عصمت دری کرکے بلیڈ سے بازووں پرکیا 50 بارحملہ، 4 ملزمین کو گرفتار کرنے میں پولیس کامیاب,crime
تو اس وجہ سے کٹرینہ کیف نے سلمان خان کوکہا ' ہاں ' ، جان کر رہ جائیں گے حیران,entertainment
شاہد آفریدی کا بنگلہ دیش پریمیر لیگ میں دھماکہ ، یہ کارنامہ انجام دینے والے بنے دنیا کے تیسرے آل راونڈر,cricket
پہلے انکار کر رہے سلمان نے اب کہا : میں تو شادی کیلئے بیتاب ہوں، لیکن ۔ ۔ ۔ ۔,entertainment
سنچورین میں دوکپتانوں کا ایک انوکھا ریکارڈ، ٹیسٹ کرکٹ کی تاریخ میں پہلی مرتبہ ہوا یہ اتفاق,cricket
اپنے کپڑوں کو لے کر ٹرول ہوئی اجے دیوگن کی بیٹی، والد نے دیا منہ توڑ جواب,entertainment
آئی پی ایل 2018: ممبئی نے ٹاس جیت کر رائل چینلجنرس بنگلور کو بلے بازی کی دعوت دی,cricket
....سہیل خان نے سلمان- ایشوریہ کے رشتے کی کھولی پول، بولے- جب وہ بھائی کے ساتھ گھر آتی تھیں,entertainment
گھر میں گھس کر 4 نوجوانوں نے کی خاتون کی اجتماعی عصمت دری، پھر پھندے پر لٹکایا,crime
برتھ ڈے اسپیشل: بے پناہ حسن کی ملکہ مدھوبالا کی اندیکھی تصویریں,entertainment
بگ باس میں وائلڈ کارڈ انٹری پر یوراج کی ہاٹ ایکس گرل فرینڈ کم شرما نے کیا بڑا انکشاف,entertainment
اذان سے متعلق ٹویٹ کرکے چوطرفہ تنقید کی زد پر آئے سونو نگم نے کی اب تنازع ختم کرنے کی اپیل,entertainment
انکشاف: سلمان خان جلد کرنے والے ہیں کٹرینہ کیف سے شادی، سامنے آئیں خبریں,entertainment
آئی پی ایل 2018 : دلچسپ مقابلہ میں چنئی سپرکنگس نے سن رائزرس حیدر آباد کو 4 رنوں سے شکست دی,cricket
رنویر دیپیکا کی شادی کی فل کوریج، دیکھیں ویڈیو,entertainment
شیوسینا نے رام لیلا میں نوازالدین کے رول ادا کرنے کی مخالفت کی، پروگرام منسوخ,entertainment
‘‘اسمرتی ایرانی بھی ہیں اوینجرس فین، سوشل میڈیاپر لوگوں نے کہا ’’ کولیسٹ منسٹر,entertainment
ہاپوڑ : اغو کے بعد بی اے کی طالبہ کی اجتماعی آبروریزی ، علاج کے دوران ہوئی موت,crime
چھن جائے گی سرفراز احمد سے پاکستانی ٹیم کی کپتانی ؟ پی سی بی چیئرمین احسان مانی نے دیا یہ بڑا بیان,cricket
ان پانچ کھلاڑیوں کی وجہ سے ٹیم انڈیا نے آسٹریلیا میں پہلی مرتبہ جیتی ٹیسٹ سیریز,cricket
کیوں پاکستان جانا چاہتی ہیں عالیہ بھٹ کی ماں سونی رازدان؟ جانیں وجہ,entertainment
سلمان خان کے دھوکہ کی وجہ سے ملک چھوڑ کر چلی گئی یہ اداکار,entertainment
سنیل چھیتری کی جذباتی اپیل کے بعد ہندوستان اور کینیا کے درمیان ہونے والے میچ کے تمام ٹکٹ فروخت,cricket
ٹی -20 سیریز میں اگرآسٹریلیا نے پاکستان کو ہرایا تو ٹیم انڈیا کو ہوگا بڑا نقصان,cricket
ماں نے اپنی ہی نابالغ بیٹی کو جسم فروشی کے دھندہ میں دھکیلا ، تین کے خلاف معاملہ درج,crime
پاکستان نے جیتی مسلسل 11 ویں سیریز، ہندوستان سمیت دنیا کی سبھی ٹیموں کو چھوڑا پیچھے,cricket
وسیم اکرم اورظہیرعباس نےکی سرفرازاحمد کی حمایت، کہی یہ بڑی بات,cricket
عامر اور سلمان کی دوستی میں آئی دراڑ,entertainment
بیٹے ویان کی سال گرہ پر اولڈ ایج ہوم کا ویڈیو پوسٹ کر کے ٹرول ہوئیں شلپا،دیا کرارا جواب,entertainment
انگلینڈ کے طوفانی بلے باز نے غصے میں آکر اپنے ہی منہ پر دے مارا بلا ، میچ سے ہوئے باہر,cricket
پاناما لیک کا اثر، امیتابھ فی الحال نہیں بنیں گے اتلیہ بھارت کے برانڈ ایمبیسڈر؟,entertainment
نیوزی لینڈ 243 رن پر ڈھیر، محمد شمی نے لئے سب سے زیادہ تین وکٹ,cricket
"فرسٹریٹیڈ "" محمد حفیظ نے پاکستان کرکٹ بورڈ سے کی منہ زوری ، ملا یہ معقول جواب """,cricket
ملک میں ملنے والے اعزازات کو کافی اہم سمجھتی ہیں پرینکا چوپڑا,entertainment
اداکارہ چاہت کھنہ نے اپنے شوہر پر لگایا سنگین الزام ، کہا : بیمارہوتی ہوں تو بھی زبردستی کرتے ہیں یہ کام,entertainment
میدان پربگڑگئی کرس گیل کی طبیعت، درد کی وجہ سےگنوا دیا وکٹ,cricket
کرکٹ کا سب سے حیرت انگیز وکٹ ، گیند باز نے چڑیا کو ماری گیند اور بلے باز ہوگیا بولڈ !۔,cricket
دبنگ خان کے ساتھ سلور اسکرین پر نظر آسکتی ہیں انشکا شرما,entertainment
بی جے پی ممبر پارلیمنٹ کا ٹویٹ، شوبھا ڈے جی ، اپنی خوبصورتی پر نہ کریں اتنا ناز,entertainment
ساراعلی خان اس سیاستداں کے پوتےکےعشق میں تھیں دیوانی، اداکارہ نےخود کیا انکشاف,entertainment
صوفیہ حیات کا دعویٰ: مجھ پر مرتے تھے روہت شرما، بریک اپ کیی بتائی یہ بڑی وجہ,entertainment
کے ایل راہل سے کی درخواست ! ، پھر چوکا لگاکر پرتھوی شا نے رقم کردی نئی تاریخ,cricket
!عاطف اسلم کو ان کے گانے کو لے کر لتا منگیشکر نے سنائی کھری کھوٹی,entertainment
کیکی چیلنج میں تین نوجوان گرفتار ، کورٹ سے ملی یہ انوکھی سزا,entertainment
شرمناک : سگے بھائی پر 12 سال کی معصوم بہن کی آبروریزی کا لگا الزام ، ملزم فرار,crime
آسٹریلیا کی جم کر دھنائی کرکے پاکستانی بلے باز بابر اعظم نے قائم کئے کئی سنگ میل ، بنے نمبر ون بلے باز,cricket
"بھابھی جی "" کے وبھوتی کو ملا سلمان خان کا ساتھ""",entertainment
"ٹی 20 میں "" ٹریپل سنچری "" بنانے والے پہلے ہندوستانی کھلاڑی بنے ایم ایس دھونی",cricket
عامر خان نے مانا خراب ہے ’ٹھگس آف ہندوستان‘، مداحوں سے مانگی معافی,entertainment
ودیا بالن کے شوہر ہیں 32 ارب کے مالک، بہت دلچسپ ہے انٹرن سے سی ای او بننے کی کہانی,entertainment
کیا اس افیئر کی وجہ سے ’برباد‘ ہوا تھا ارمیلا ماتونڈکر کا کریئر؟,entertainment
دن بہ دن خراب ہوتی جا رہی ہے کپل شرما کی صحت، یہ نئی تصویر ہے اس بات کا ثبوت,entertainment
سلطان میں کام نہیں کررہی ہیں انوشکا,entertainment
چاکلیٹ کیلئے کانسٹیبل کرتا تھا خاتون کو بلیک میل ، ہوٹل میں لے جاکر کی آبروریزی ، گرفتار,crime
آئی پی ایل 2018 : دلچسپ مقابلہ میں رائل چیلنجرس بنگلورو نے سن رائزرس کو 14 رنوں سے ہرایا,cricket
فلم 'رنگیلا راجا' میں وجے مالیا اور بابا رام دیو سے متاثر کردار ادا کریں گے گوندا,entertainment
بابا صدیقی کی افطار پارٹی میں نئے لک میں نظر آئے سلمان خان,entertainment
بیوی نے کس کرتے وقت کاٹ دی شوہر کی زبان، کہا- بلکل بھی اچھا نہیں تھا وہ,crime
پریتی زنٹا چھیڑ چھاڑ معاملہ میں نیس واڈیا کو بڑی راحت ، ہائی کورٹ نے خارج کیا کیس,entertainment
! ٹیسٹ رینکنگ: ٹیم تو جیت گئی، لیکن خطرے میں پڑ گئی وراٹ کوہلی کی بادشاہت,cricket
آئی پی ایل میں لگاتار 6 میچ ہارنے کے بعد وراٹ کوہلی نے اٹھایا یہ قدم ، مداحوں نے سنادی کھری کھوٹی,cricket
رکشا چلانے والا بنا عظیم بلے باز,cricket
بیٹے کی پیدائش کے بعد ٹینس اسٹار ثانیہ مرزا کی جم واپسی، شیئر کی تصویر,entertainment
جواں ہے محبت ' 1946 کے گانے کے ری میک پر ایشوریہ رائے کی ادائیں دیکھیں آپ نے؟',entertainment
لندن میں ہو رہا ہے عرفان خان کاعلاج،سوشل میڈیا پر بیان کیا اپنے دل کا حال,entertainment
'آسٹریلیا میں ٹیم انڈیا کی سب سے بڑی جیت، اس سابق کرکٹر نے گایا 'دل دیاں گلاں,entertainment
انجلینا جولی نے عراق کے موصل میں پناہ گزینوں سے کی ملاقات، کہا - ان کی مدد کریں,entertainment
ٹائمس سیلیبیکس کی فہرست میں سلمان اور انوشکا نمبر ون,entertainment
امپائر نے نو بال دی تو مچ گیا ہنگامہ ، 9 منٹ تک رکا رہا کھیل ، اب کپتان نے کہا : مجھے انصاف چاہئے,cricket
سلمان خان اور دیپیکا پڈوکون فلموں میں کیوں نہیں آئے ساتھ ؟ بھائی جان نے کیا یہ بڑا انکشاف,entertainment
آسٹریلیا میں جیت کے بعد انوشکا نے کوہلی کو دی 'وراٹ' جھپی: ویڈیو وائرل,cricket
آبروریزی کے بعد حاملہ ہوئی 16 سال کی طالبہ ، ملزم مسلسل دے رہا ہے اسقاط حمل کرانے کی دھمکی,crime
اکشے کی رستم نے ریتک کی موہن جوداڑو کو پیچھے چھوڑا ، جانئے کس نے کتنی کمائی کی,entertainment
انوپم کھیر کو انٹرنیشنل انڈین فلم اکیڈمی ایوارڈ سے نوازا جائے گا,entertainment
نیشنل ٹیلی ویژن پر روہت سوچانتی نے سب کے سامنے کردیا بوتل میں پیشاب,entertainment
فلم 'لو راتری ' ہو گئی 'لو یاتری ' ، تو بھی کم نہیں ہوئی سلمان خان کی مشکل ،ا ب اس شہر میں ہوئی ایف آئی آر,entertainment
مس ہوا ہوائی سے لے کر مام تک ، کچھ ایسا رہا سری دیوی کا سفر,entertainment
وزیر اعظم مودی پر بنی فلم ’چلو جیتے ہیں‘ کی ہوئی راشٹرپتی بھون میں اسکریننگ,entertainment
محمد نبی کی موجودگی میں پہلی بارہاری ان کی ٹیم، ریکارڈوں کا شہنشاہ بن گیا ہے یہ افغانی کرکٹر,cricket
افغانستان کے راشد خان نے رقم کی نئی تاریخ ، ٹی 20 کرکٹ میں یہ کارنامہ انجام دینے والے بنے پہلے اسپنر,cricket
پیدا ہوتے ہی چلی گئی تھیں دونوں آنکھیں، اب ٹیم انڈیا میں شامل ہوا یہ کشمیری کھلاڑی,cricket
"ہندوستان بمقابلہ پاکستان: سرفرازاحمد کے ماموں کا دعویٰ ""جیتے گی ٹیم انڈیا""۔",cricket
بیس سال کی لڑکی کا 4 سال تک کیا ریپ، حاملہ ہونے پر شخص نے کیا یہ,crime
شادی کنفرم ہوتے ہی پرینیتی چوپڑا نے جیجا نک سے کر ڈالی ایسی ڈیمانڈ ، سن کر اڑجائیں گے آپ کے ہوش,entertainment
عاشق کے ساتھ بستر پر بیٹھی تھی حاملہ ماں ، چار سال کے بیٹے نے کیا ایسا کام کہ جان کر اڑ جائیں گے ہوش,crime
"دیپکا سے شادی کے بعد "" گھر جمائی "" بننے والے ہیں رنویر سنگھ ، پیش آئی یہ پریشانی",entertainment
اے آئی بی نے اڑایا وزیر اعظم مودی کا مذاق، تنمے بھٹ کے خلاف ایف آئی آر درج,entertainment
سورا بھاسکر کے بعد اب یہ اداکارہ ویب سیریز میں کرتی نظر آئیں گی ماسٹربیٹ سین,entertainment
انڈیا بمقابلہ انگلینڈ: کوہلی کی جدوجہد کے باوجود ٹیم انڈیا برمنگھم میں شکست سے دوچار,cricket
ورلڈ کپ سے عین قبل وسیم اکرم نے پاکستان کی ٹیم کو لے کر دیا بڑا بیان ، کہہ ڈالی ایسی بات,cricket
آئی پی ایل 2019: دھونی نے کھیلا وراٹ کوہلی کی 'نیند اڑانے والا شاٹ'۔ اسٹیڈیم کے باہرپہنچائی گیند,cricket
آسٹریلیا میں ٹسٹ سیریز جیتنے کے بعد انعامات کی بوچھار، ٹیم انڈیا کے ہرکھلاڑی کوملےگا لاکھوں کا انعام,cricket
دل والے کے نئے گانے کی ویڈیو ریلیز,entertainment
بنگلہ دیش کے خلاف افغانستان کی جیت کے ہیرو راشد خان نے اپنے یوم پیدائش پر بنا ڈالے یہ پانچ شاندار ریکارڈ,cricket
آٹھویں جماعت کی طالبہ نے اسکول میں بیٹی کو دیا جنم ، پھراسکول نے کیا کچھ ایسا کہ حیران ہوجائیں گے آپ,crime
میں انشکا شرما کے لئے پوری طرح وقف ہوں: وراٹ,entertainment
اپنی بیویوں کے سنگین الزامات کا سامنا کرنے کے باجود عمران خان اور محمد سمیع کو ملی کامیابی,cricket
’سنجو‘ کے قابل اعتراض سین کے خلاف شکایت درج,entertainment
جب اکشے کے گلے لگ کر پھوٹ پھوٹ کر روئیں شلپا شیٹی: دیکھیں تصویریں,entertainment
جھانوی کپور نے ماں سری دیوی کے لئے خود لکھی کویتا ، سن کر رو پڑیں گے آپ ، ویڈیو دیکھیں,entertainment
سلمان خان نے ایک بار پھر دکھائی دریا دلی ، اب یولیا کے لئے کرنے والے ہیں کچھ ایسا,entertainment
وائیڈ بال نہیں دی تو امپائرپر ہی چیخ پڑا بنگلہ دیش کا یہ کھلاڑی ، چکانی پڑ گئی بڑی قیمت ,cricket
مولانا آزاد نیشنل اردو یونیورسٹی میں شاہ رخ خان کو ڈاکٹریٹ کی اعزازی ڈگری دی گئی,entertainment
اسٹنٹ کرنے میں عمر کا کوئی دخل نہیں: امیتابھ بچن,entertainment
انڈیا بمقابلہ انگلینڈ : ساوتھمپٹن ٹیسٹ کے پہلے دن بنے یہ چار شاندار ریکارڈ س,cricket
معصوم بچیوں کو بناتا تھا اپنی حیوانیت کا شکار ، ملی 16 مرتبہ پھانسی کی سزا,crime
کیرالہ میں بھی دہلی کے نربھیا جیسا سانحہ، ریپ کے بعد طالبہ کا وحشیانہ قتل,crime
پاکستان کے اس 18 سالہ گیندباز نے سب کو بنایا اپنا مرید، لوگ بتا رہے ہیں پاک کرکٹ کا مستقبل,cricket
ہندوستان کے خلاف میچ سے قبل پاکستان کے اس تیز گیند باز کو جھٹکا ، آئی سی سی نے عائد کیا جرمانہ,cricket
....پلوامہ حملہ پر بولے ارجن رامپال- خون کے بدلے خون,entertainment
آئی پی ایل سٹہ بازی کیس : کرائم برانچ نے اداکار ارباز خان سے پوچھے یہ 17 سوالات !۔,entertainment
دیکھئے کرن سے طلاق کے بعد کتنی بدل گئی ہے ان کی سابق اہلیہ جینیفر,entertainment
مسلسل جیت کے بعد بھی اڑرہا ہے پاکستان کا مذاق، یہ تصویردیکھ کرآپ بھی نہیں روک پائیں گے ہنسی,cricket
پاکستانی فنکاروں پر پابندی پر بالی ووڈ منقسم ، پڑھیں : کس نے کیا کہا ؟,entertainment
آئی پی ایل 2019 : سیمسن کی سنچری پر بھاری پڑی وارنر کی طوفانی نصف سنچری ، حیدرآباد نے جیتا میچ,cricket
آئی پی ایل میچ میں کھلاڑیوں سے زیادہ توجہ پارہی ہے دھونی کی بیٹی جیوا، آپ بھی دیکھیں ویڈیو,entertainment
آئی پی ایل 2019 : 47 سال کے مرلی دھرن کو 20 سال کے راشد خان نے دیا چیلنج ، پھر ہوا کچھ ایسا کہ سب رہ گئے حیران !۔,cricket
سوتیلی ماں نے 4 سال کوٹھری میں رکھا بند اور کھانے کو دی سوکھی بریڈ، مرنے کی حالت میں پہنچا بچہ,crime
فلم ’زیرو‘ کے سیٹ پر کٹرینہ کا سہارا بنا یہ شخص، اداکارہ نے کیا انکشاف، پڑھیں,entertainment
رویندر جڈیجہ نے کہا، میں تو ایشیا کپ دیکھ بھی نہیں رہا تھا، ایک فون آیا اور آ گیا دبئی,cricket
شاہ رخ خان کے بیٹے آریان کرنے جا رہے ہیں بالی ووڈ میں ڈیبیو، اس اسٹار کی بیٹی ہوگی ان کی ہیروئن,entertainment
تصاویر: انٹرنیشنل ماڈلنگ فیم بنی چھتیس گڑھ کی یہ لڑکی ، ریحانہ جیسی آتی ہے نظر,entertainment
ہٹ اینڈ رن کیس : سپریم کورٹ کا سلمان خان کو نوٹس,entertainment
ڈانس کرتے- کرتے اسٹیج پر گریں سپنا چودھری، ویڈیو زبردست وائرل,entertainment
راکھی ساونت نے کہا : ماڈرن ماں ہیں رادھے ماں، اس میں غلط کیا ہے؟,entertainment
سلمان کو عبدالکلام سے نہ مل پانے کا افسوس,entertainment
ڈبیو ٹیسٹ میں طوفانی سنچری بنانے والے تھوی شا نے کہا : کھڑوس ہیں روہت شرما,cricket
کلنک فلم کاٹریلرلانچ: ایک ساتھ نظرآئے بالی ووڈ کے کئی ستارے,entertainment
پاکستانی ٹیم کومل گیا ہاردک پانڈیا، ایشیا کپ میں دکھائے گا جلوہ,cricket
سابق بگ باس کنٹیسٹنٹ صوفیہ حیات کے ساتھ لندن میں مار پیٹ,entertainment
اکشے کمار نے پیڈ مین میں کام کرنے پر فخر محسوس کیا ،فلم 9فروری کو ریلیز,entertainment
یوگی راج میں جنگل راج: ہائی وے پر خاندان کو یرغمال بنا کر 4 خواتین سے گینگ ریپ,crime
آئی پی ایل 2019 : راجستھان رائلس کیلئے بری خبر، پہلے میچ گنوایا اور اب کپتان رہانے پر لگا لاکھوں کا جرمانہ,cricket
شعیب ملک سے چھکا کھا کر ہارنے پر رو پڑا افغانستان کا یہ گیندباز، ملک خود سمجھانے گئے,cricket
شاہ رخ خان سے ملنے آیا تھا یہ شخص، 19 ماہ کی ہوگئی جیل، اب بھیجا گیا اپنے وطن,entertainment
یوم پیدائش: بالی ووڈ کے ستارے نصیر الدین شاہ نے آرٹ فلموں کو نئی بلندی بخشی,entertainment
جب بالی ووڈ کے یہ اداکار بنے ہم جنس پرست! دیکھیں تصاویر,entertainment
کشور کمار کے وہ گانے جن کا جادو آج بھی ہے برقرار,entertainment
ہندوستانی خواتین ٹیم نے بھی نیوزی لینڈ کو روند دیا، متالی راج نے چھکا لگا کرجتایا میچ,cricket
ٹیم انڈیا کی خراب کارکردگی سے حرکت میں آئی بی سی سی آئی، کوہلی - شاستری پرگرسکتی ہے گاج,cricket
ایم ایس دھونی نے کھیلا آخری میچ ، اب لینے والے ہیں ریٹائرمنٹ ؟,cricket
شادی کے ایک سال بعد وراٹ کوہلی نے بتائی انوشکا شرما سے شادی کرنے کی وجہ!۔,cricket
میلبورن میں ہندوستان کو ملی تاریخی جیت، آسٹریلیا کو 137 رن سے ہرایا,entertainment
پاکستان : معروف ادکار علی ظفر پر جنسی استحصال کا الزام ، گلوکارہ میشا شفیع نے کہا : اب خاموش نہیں رہ سکتی,entertainment
نیوزی لینڈ کے خلاف پہلے ٹی 20 میچ سے قبل پاکستانی ٹیم کو لگا جھٹکا ، نہیں کھیلے گا یہ بڑا کھلاڑی !۔,cricket
پہلی ہی فلم میں اسٹار بننے والے اس اداکار کی یہ ہو گئی حالت، کر رہا ہے یوگا ٹیچر کا کام,entertainment
بالی ووڈ کے معروف اداکار عامر خان کو سوائن فلو، منسوخ کئے سبھی پروگرام,entertainment
رائل چیلنجرس بنگلور کی شکست کا سلسلہ ہوا ختم، کنگس الیون پنجاب کو ہرا کر حاصل کی پہلی جیت,cricket
سالگرہ پر خصوصی : انوشکا شرمانے اپنی بے باک اداکاری سے خاص شناخت بنائی,entertainment
مصنفہ اور شاعرہ امرتا پر یتم کے کردار میں نظر آئیں گی پرینکا چوپڑا,entertainment
مشہور اداکار عرفان خان نے کہا، میں مولویوں سے نہیں ڈرتا,entertainment
پاکستانی ٹیم نے اڑائی کنگاروں کی دھجیاں، آسٹریلیا کے خلاف ٹی -20 سیریزمیں کردیا کلین سوئپ,cricket
پاکستانی فنکار معاملہ پر پرینکا چوپڑا نے کہا : مجھے ملک سے محبت، لیکن نشانے پر ہمیشہ فنکار ہی کیوں؟,entertainment
ٹی وی اداکارہ روپا گانگولی پر حملہ، ملزمان کو پولیس نے کیا گرفتار,crime
مہاراشٹر: اورنگ آباد میں 60 سے 70 کے درمیان مدرسہ طالبات کی بگڑی حالت، ایک کی حالت نازک,crime
شیکھر دھون نے کوہلی اور پجارا کو لے کر کیا ایسا ٹویٹ ، سوشل میڈیا پر ہوگئے جم کر ٹرول,cricket
آسٹریلیا سے ٹیسٹ سیریز جیتنے کے بعد وراٹ کوہلی نے کیا ناگن ڈانس، دیکھیں ویڈیو,cricket
"""سکھ سماج نے ظاہر کیا اعتراض ، سنی لیونی کی فلم سے ہٹے "" کور",entertainment
پنچکولہ میں سیکس ریکٹ کا پردہ فاش،4 خواتین سمیت 6 گرفتار,crime
ماسٹر بیشن سین کو لے کر سورا بھاسکر کے والد کر ٹرول کررہا تھا شخص ، اداکارہ نے دیا کرارا جواب,entertainment
پرینکا چوپڑا جے گنگا جل میں کام کر کے محسوس کر رہی ہیں فخر,entertainment
کافی ود کرن میں ہوا انکشاف، کرکٹر کے ایل راہل ہیں بالی ووڈ کی اس حسینہ کے دیوانے,entertainment
ملائکہ کا ہاٹ ویڈیو ہو رہا ہے انٹرنیٹ پر وائرل، آپ بھی دیکھیں,entertainment
چوتھے ٹسٹ میں ٹیم انڈیا کی شکست یقینی، سیریز بھی ہاتھ سے گئی,cricket
ہندوستانی کرکٹ ٹیم کے ان 15 کھلاڑیوں کو مل سکتا ہے ورلڈ کپ کا ٹکٹ,cricket
بی جے پی ممبر پارلیمنٹ کنور سنگھ تنور کے بیٹے کو کال گرل نے لوٹ لیا,crime
پونے لوک سبھاسیٹ سے مقابلہ کرنے کی خبروں کومادھوری دکشت نے کیامسترد,entertainment
پرینیتی چوپڑا نے جوتا چرائی کی رسم میں جیجو نک سے مانگے اتنے لاکھ روپئے,entertainment
آئی پی ایل 2019 : 14 رن سے ہاری راجستھان ، صرف 18 گیندوں میں ہی گرگئے آخر کے 7 وکٹ,cricket
ہاکی عالمی کپ: ہندستان کا دھماکہ خیزآغاز، پہلے ہی میچ میں جنوبی افریقہ کو 0-5 سے روندا,cricket
لمبے بال اور بڑھا ہوا وزن، کیا آپ نے پہچانا یو یو ہنی سنگھ کو,entertainment
ٹی وی کی اس اداکارہ نے توڑ ڈالیں بولڈنیس کی ساری حدیں، شیئر کیں ایسی سیکسی تصویریں,entertainment
ہندوستان میں کام نہیں کرپائیں گے پاکستانی فنکار ، ممبئی فلم سٹی میں نوجوت سنگھ سدھو کی انٹری پر بھی پابندی,entertainment
شاہ رخ خان کی فلم زیرو نے ریلیز سے پہلے ہی قائم کی نئی تاریخ ، فلم کا سپرہٹ ہونا اب تقریبا یقینی,entertainment
کوئی ژراف، تو کوئی چرکٹ، جانیں بالی ووڈ کے ان اسٹارس کو گھر پر کیا بلاتے ہیں ان کے والدین,entertainment
..وراٹ کوہلی نے کھولے دل کے راز، چادنی رات میں بیوی انوشکا کے ساتھ یہ کرنا کرتے ہیں پسند,cricket
پاکستانی کرکٹر شاہد آفریدی نے اپنی ریٹائر منٹ کی خبروں پر دیا یہ بڑا بیان,cricket
ماں بننے کے بعد بھی فلموں میں کام کرتی رہیں گی کرینہ,entertainment
ریلوے ڈرائیور بننا چاہتے تھے اوم پوری ، جانئے کیسے پہنچ گئے فلمی دنیا میں,entertainment
تیمور کی تصویر کھینچ رہے فوٹو گرافر پر سیف کو آیا غصہ، بولے- بچہ اندھا ہو جائےگا,entertainment
امیتابھ اور پرینکا ہوں گے بے مثال ہندستان کے برانڈ سفیر: ذرائع,entertainment
ایک دوسرے کو الوداع کہہ چکے ہیں انوشکا اور وراٹ،اب نہیں ہو گی مصالحت,entertainment
"پرینکا نے کھولا راز""اب تک کیوں پوشیدہ رکھی تھی اپنی منگنی کی خبر""۔",entertainment
خاتون کو اغوا کرکے 4 لوگوں نے کی اجتماعی عصمت دری ، ہائی وے پر پھینک کر فرار,crime
امام الحق کو تیسرے ون ڈے میں کیوں نہیں کھلایا ، پاکستانی کپتان سرفراز احمد نے بتائی یہ وجہ,cricket
وشو ہندو پریشد نے موسیقار اے آر رحمن کو گھر واپسی کا مشورہ دیا,entertainment
بنے گی زبردست جوڑی، پہلی مرتبہ ساتھ نظر آئیں گے کمل ہاسن اور سلمان خان,entertainment
مال کے اسٹور میں ایک گھنٹے تک پھنسی رہیں سنی لیونی ، جانے پھر کیا ہوا,entertainment
سالگرہ اسپیشل: گیراج میں کام کرتے تھے 'گلزار'، بیوی کی سرعام کر دی تھی پٹائی,entertainment
ٹوٹ گیا ورا ٹ کوہلی کا یہ ارمان ! میلبورن ٹی 20 میں بارش نے پھیرا پانی ,cricket
ہندوستان کوغیرملکی سرزمین پر کامیاب ہونے کے لئے ذہنی طورپرمضبوط ہونے کی ضرورت: ایڈم گلکرسٹ,cricket
"بالی ووڈ ویلن کا انکشاف ، اب ""ریپ سین ""سے پہلے کرتے ہیں یہ کام",entertainment
ٹائمز سیلیبكس کی فہرست میں شاہ رخ اور کاجول نمبر ون,entertainment
نصیر الدین شاہ نے انوپم کھیر سے متعلق بیان کو کیا خارج ، کہا : توڑ مروڑ کر پیش کیا گیا میرا بیان,entertainment
رنویر نے بتایا اسکول ٹائم کا راز، اس لئے پہنتے ہیں عجیب وغریب کپڑے,entertainment
میچ کے دوران ممبئی کے اس کھلاڑی نے ٹیم کے سامنے اتارے کپڑے ، ملی سخت سزا,cricket
پاکستان میں آئی پی ایل نشریات پر پابندی ، عمران حکومت نے لگایا یہ سنگین الزام,cricket
آسٹریلیائی کپتان نے کیا تھا پریشان، رشبھ پنت نے اس طرح سے لیا 'بدلہ'۔,cricket
بھوجپوری اسٹار کھیساری لال نے سرعام اداکارہ مدھو شرما کو کیا کس ، دو کروڑ لوگوں نے دیکھا یہ ویڈیو,entertainment
پرینکا چوپڑا نے نک جونس کو سوشل میڈیا پر دیا بوسہ، تصویر وائرل,entertainment
نیوزی لینڈ : مسجد میں نماز ادا کرنے والے تھے بنگلہ دیش کے کرکٹرز ، اسی دوران شروع ہوگئی فائرنگ,cricket
کیپٹن کول دھونی کی زندگی پر بننے والی فلم کے لئے ان کے ہی جم میں ورزش کررہے ہیں سشانت,entertainment
کرن جوہر نے شعلے فلم 100مرتبہ دیکھی ہے,entertainment
بالی ووڈ اداکارہ نے اپنے بوائے فرینڈ کے ساتھ والی رومانٹک تصویریں کی شیئر ، دیکھیں,entertainment
ہوشیار! کہیں آپ کا فیشن نہ بن جائے بیماری کا سبب,entertainment
بچوں کے لئے 2 نینی رکھ کر ٹرول ہوئی میرا راجپوت، اس ویڈیو کو دیکھ کر لوگوں کو آیا غصہ,entertainment
!سفید ساڑی کو سیکسی بنانے کا کام بس راج کپور ہی کر سکتے تھے,entertainment
شاہ رخ- سلمان نہیں ریتک روشن ہیں سال 2018 کے سب سے ہینڈسم اسٹار، جاری ہوئی یہ فہرست,entertainment
یوراج کی ہوئیں ہیزل، گردوارے میں شادی، دیکھیں- مہندی سے لے کر شادی تک کی تصویریں,entertainment
‘کنگنا نے پھر دیا بے باک بیان۔ کہا، ’ میں اتنی کامیاب ہوں کہ سیاست میں جانے کی ضرورت نہیں,entertainment
بگ باس 12 جیتنے والی دیپکا قبول کر چکی ہیں اسلام، فیضہ ہے ان کا اصلی نام,entertainment
مشہور سنگر اور وائیولنسٹ بالا بھاسکر بھیانک کارحادثے کا شکار ، حادثے میں گئی بیٹی کی جان,entertainment
مدھیہ پردیش : آٹھویں کلاس کی 15 سالہ نابالغ لڑکی کو اجتماعی آبروریزی کے بعد زندہ جلا دیا گیا,crime
ایسے ہوئی تھی 'ہیرا ٹھاکر 'کی اہلیہ کی موت,entertainment
"پرینکا چوپڑا نے چھپ کر ""کارپارکنگ"" میں نک جونس کو کیا کس ، ہاٹ تصویریں وائرل",entertainment
ایشیا کپ 2018 : یہ چار پاکستانی کھلاڑی ٹیم انڈیا کا کر سکتے ہیں بڑا نقصان ، رہنا ہوگا محتاط,cricket
آئی پی ایل 2019 : دھونی کا دھماکہ ، چنئی سپرکنگس نے راجستھان کو دی مات,cricket
ہندوستان کے سب سے 'ضعیف' کپتان بنے دھونی، توڑ ڈالے یہ ریکارڈ,cricket
صرف آٹھ دن میں ہی 300 کروڑ کا ہندسہ پار کر گئی پریم رتن,entertainment
"ویسٹ انڈیز کے اس گیند باز نے پھینکی کرکٹ تاریخ کی سب سے ""شرمناک ""نو بال",cricket
کٹرینہ کیف کے بغیر ہی جگا جاسوس کا سیکوئل بنائیں گے انوراگ باسو,entertainment
اس ہیرو کی شرٹ اتروانے کے کیوں خلاف تھے بالی ووڈ اداکار سلمان خان؟,entertainment
کرایہ کا مکان تلاش کر رہی داروغہ کی اہلیہ کی طمنچہ کے نوک پر آبروریزی ، ملزم گرفتار,crime
آئی سی سی ٹی 20 رینکنگ میں کلدیپ یادو کی بڑی چھلانگ ، پاکستانی گیند باز شاداب خان کو چھوڑا پیچھے,cricket
سنی لیون نے سیکس سیل کی تصویر شیئر کرکے پورن سائٹوں پر پابندی کی مخالفت کی,entertainment
مشہور اداکار امیتابھ بچن کے ساتھ پھر سےکام کریں گے شاہ رخ خان,entertainment
سلمان خان نے لگائی گھوڑے سے ریس، دیکھیں جیتا کون؟,entertainment
ہندوستان بمقابلہ نیوزی لینڈ: وراٹ کی غیر موجودگی میں ٹیم انڈیا کو ملی سب سے بڑی ہار,cricket
اب مشت زنی سین کرکے سرخیوں میں آئی یہ اداکارہ ، بولڈنیس کی ٹوٹ گئی ساری حدیں,entertainment
گروگرام : آبروریزی کے بعد تین سال کی بچی کا بے رحمی سے قتل ، پرائیویٹ پارٹ میں ڈالی لکڑی,crime
آئی پی ایل 2019 : وراٹ کوہلی کی ٹیم میں شامل ہوا یہ طوفانی گیند باز ، کیا آر سی بی کی بدلے گی قسمت,cricket
لندن میں چاقو سے حملہ کرنے والا ذہنی مریض، حملہ میں ایک خاتون ہلاک ، 5 افراد زخمی,crime
ممبئی میں پارٹی کرتی نظر آئیں شلپا شیٹی اور امرتا اروڑہ ، دیکھئے مستی بھری تصویریں,entertainment
سنسر بورڈ نے دیکھتے ہی بین کر دی تھی یہ 7 فحش فلمیں، صرف یوٹیوب ہے دیکھنے کا آخری کا راستہ,entertainment
!جب سلیم خان نے اپنے سسر کے نام پر رکھ دیا تھا اس کردار کا نام اور کٹوا دئیے تھے ہاتھ,entertainment
میچ کے دوران کریز پر ہی پاکستانی نزاد اس کرکٹر کو پڑا دل کا دورہ ، ایمبولینس سے لے جانا پڑا باہر,cricket
ہندو دہشت گردی پر پرکاش راج نے کمل ہاسن کی حمایت کی ، کہا : مذہب کے نام ڈرانا دہشت گردی نہیں تو اور کیا,entertainment
شہنشاہ جذبات دلیپ کمار 18 سال پرانے چیک باؤنسنگ مجرمانہ کیس میں باعزت بری,entertainment
تین افریقی نوجوانوں نے گایا ’کل ہو نہ ہو‘ سوشل میڈیا پر ویڈیو نے مچائی دھوم,entertainment
اندرا گاندھی اور سیرینا ولیمز کو قابل تقلید مانتی ہیں کٹرینہ,entertainment
پلوامہ حملہ: سینے اسوسی ایشن کا بڑا قدم، بالی ووڈ میں پاکستانی فنکاروں پر لگی پابندی,entertainment
سلمان کی سابقہ بھابی کو ڈیٹ کر رہے ہیں ارجن کپور؟,entertainment
جب 'خبر' ملی کہ میں پوجا اور مہیش بھٹ کی بیٹی ہوں: عالیہ بھٹ,entertainment
انوشکا کے 'وراٹ' انگلینڈ میں 6 دنوں کے بعد دیں گے بڑی خوشخبری؟,cricket
میرا راجپوت نے رات دو بجے لکھی انسٹاگرام پرحمل کی کہانی، پوسٹ وائرل,entertainment
بالی ووڈ اداکارہ سونم کپوراوآنند اہوجا کا رومانٹک کس ویڈیو انٹرنیٹ پر وائرل,entertainment
"شعیب ملک نے توڑا برینڈن میک کولم کا ریکارڈ ، یہ "" کام "" کرنے والے بنے دنیا کے دوسرے بلے باز",cricket
فلم سلطان کی کامیابی سے خوش اداکارہ انوشکا نے سلمان کے بارے میں کہی یہ بات,entertainment
جلد ہی سلور اسکرین پر شہناز حسین کا کردار نبھائی نظر آئیں گی ایشوریہ,entertainment
آسٹریلیا میں ٹیم انڈیا کی تاریخی کامیابی پر پاکستانی وزیر اعظم عمران خان نے کہی یہ بات ، جیت لیا سب کا دل,cricket
سرفراز احمد کی جگہ پاکستانی ٹیم میں آیا یہ نیا وکٹ کیپر، چوکا لگا کر جتایا میچ,cricket
دلہن کے لباس میں سلمان خان کی والدہ کے ساتھ نظر آئیں کٹرینہ کیف، تصویر ہوئی وائرل,entertainment
‘انکشاف: 19 پہلے بدلا گیا تھا ’دھڑکن‘ کا کلائمیکس، نہیں تو انجلی کے ماں بنتے ہی مر جاتا ’دیو,entertainment
جموں وکشمیرکا یہ نوجوان کرکٹراب آئی پی ایل میں دکھائے گا اپنا جلوہ,cricket
الفاظ اور شاعرانہ اصطلاحات کے سلطان تھے مجروح سلطان پوری,entertainment
رنویر سنگھ کا دھماکہ، ’گلی بوائے‘ نے 8 دن میں لگائی سینچری,entertainment
باتھ ٹب میں چائے پی رہی ہیں بالی ووڈ اداکارہ اروشی روتیلا،تصویریں ہوئیں وائرل,entertainment
ویرے دی ویڈنگ‘‘ سے قبل ان فلموں کی اداکارہ کر چکی ہیں مشت زنی کے سین’’,entertainment
آئی سی سی نے ٹسٹ کرکٹ کے ضوابط میں کی تبدیلی، اب ایک گیند پردوکھلاڑی ہوسکیں گے آوٹ,cricket
چھبیس سال کی لڑکی سے 50 سال کے شخص کو ہوا پیار، اجے دیوگن کی نئی فلم کا ٹریلرجاری,entertainment
مسز سنگھم کے ایکشن سین دیکھ کرحیرت زدہ رہ گئے شاہ رخ,entertainment
ہندوستان کے خلاف ٹسٹ میں آسٹریلیا کو سپورٹ کریں گے ہربھجن؟ جانیں اس ٹویٹ کی حقیقت,cricket
ایڈیلیڈ ٹیسٹ میں ٹیم انڈیا کی جیت یقینی ! ، 100 سالوں میں بھی آسٹریلیا نہیں کرسکا ہے یہ کام,cricket
آٹو ڈرائیور کے بیٹے نے دلائی انڈیا ۔ اے کو جیت ، میچ میں جھٹکے 10 وکٹ,cricket
اداکارہ اہلیہ کی بکنی پر کمینٹ کرنا شوہر کو پڑا بھاری، سوشل میڈیا پر تنقید کا سامنا,entertainment
اس اداکارہ نے انر ویئر میں بستر پر کرایا ایسا ہاٹ فوٹو شوٹ ، انٹرنیٹ پر مچی گئی کھلبلی، دیکھیں تصویریں,entertainment
ملائیکہ اروڑہ اور ارجن کپور کے رشتے پر انل کپور نے توڑی خاموشی ، دیا یہ بڑا بیان,entertainment
"عامر خان نے شیئر کی بیٹی ایرا خان کے ساتھ تصویر،لوگ بولے۔'رمضان""کا تو خیال کرو",entertainment
محنت سے سب کچھ ممکن، محنت ہی کامیابی کی کنجی ہے: وراٹ کوہلی,cricket
"شاہ رخ خان نے لئے "" کسوٹی زندگی کی "" کے پروموشن کےاتنے کروڑ روپے",entertainment
ملائم سنگھ یادو کی سیاسی زندگی پر بن رہی ہے فلم,entertainment
شعیب ملک کی قیادت میں پاکستان نے جنوبی افریقہ کوذلت آمیزشکست دے دی,cricket
گھوڑے پر سوار ہوئے تیمور، کہیں رنویر سنگھ سے پہلے شادی کا ارادہ تو نہیں!۔,entertainment
فلم مرجیا سے ان پانچ وجہوں سے آپ محسوس کرنے لگیں گے اکتاہٹ,entertainment
"روہت شرما نے پوری کی ""سنچری ""، یہ کارنامہ انجام دینے والے ہندوستان کے بنے پہلے کھلاڑی",cricket
لڑکی نے 35 مرتبہ ٹھکرایا تھا پرپوزل ، سرپھرے عاشق نے چاقو سے 35 وار کرکے لے لی جان,crime
"انجانے میں ہوئی اس غلطی کی وجہ سے ایڈیلیڈ کی جیت کا ہیرو ہوگیا ""بدنام"" ، پڑھیں کیا ہے معاملہ",cricket
!کیا انگلینڈ میں ہوئی بیویوں کی لڑائی نے کرا دی ’گبر‘ کی ٹیم انڈیا سے چھٹی,entertainment
ہندوستان میں ہوئے درد ناک حادثہ سے رویا آفریدی کا دل، گوتم گمبھیرنے کہا شکریہ!۔,cricket
اس بھوجپوری ہاٹ اداکارہ نے پانی میں اترکے اپنی سیکسی اداؤں سےلگائی آگ ، یاد آئی منداکنی,entertainment
پڑوسی نے 8 سالہ معصوم بچی کی بنایا اپنی حیوانیت کا شکار، کانوڑ یاتر پر گئے تھے اہل خانہ,crime
گود میں بچہ لئے اسپاٹ ہوئیں سنی لیونی، وائرل ہو گئی یہ تصویر,entertainment
پاکستان کے سلامی بلے باز امام الحق نے عبور کیا ایک اور سنگ میل ، توڑ ڈالا 10 سال پرانا یہ ریکارڈ,cricket
گریٹر نوئیڈا میں ماں بیٹی کا سفاکانہ قتل، معاملہ میں ایف آئی آر درج، تحقیقات شروع,crime
'نورا فتیحی کے حصے میں آیا سشمتا سین کا 'دلبر,entertainment
آئی پی ایل :2018 رائے کی جارحانہ اننگ سے دہلی ڈیئر ڈیولس نے ممبئی انڈینس کو 7وکٹ سے شکست دی,cricket
بالی ووڈ اداکارہ سونالی بیندرے نے کہا، کینسر کی بیماری سے زیادہ دردناک اس کا علاج ہے,entertainment
پاکستان کے آصف علی کا بڑا دھماکہ، 33 گیندوں میں بنا ڈالے 80 رن، ٹیم کو بنایا فاتح,cricket
پڑھئے ، اداکاری کے علاوہ اور کیا بزنس کرتے ہیں بالی ووڈ کے یہ بڑے اسٹار,entertainment
اس اداکارہ نے شبانہ اعظمی کے ساتھ کیا تھا لپ لاک سین، ہو گئی تھی راتوں رات مشہور,entertainment
......سنی لیونی کی فلمیں دیکھنے نہیں جاتے لوگ، لیکن گوگل پر سرچ کرتے ہیں,entertainment
شیکھر کی شاندار سنچری سے ہندوستان نےبنائے 285 رن,cricket
عامر خان کے قافلہ میں شامل کار سے ٹکر لگنے کی وجہ سے ایک شخص زخمی,entertainment
اب دیپیکا امین نے لگایا الزام ، کہا : شام کے بعد برا سلوک کرنے لگتے ہیں آلوک ناتھ,entertainment
"دیسی انداز میں نظر آئیں "" کسوٹی زندگی کی "" سیکسی کوموللیکا ، دیکھیں یہ ویڈیو",entertainment
'سارہ علی خان دیں گی اپنا پہلا انٹرویو، شروع ہونے جا رہا 'کافی ودھ کرن ۔ 6 شو,entertainment
ردھمان ساہا نے شیئرکیا جذباتی ویڈیو، 'سپر مین' کی مدد کے لئے تیارہوئےلوگ,cricket
آئی سی سی کا بلے بازوں کو مشورہ ، وکٹوں کے پیچھے ایم ایس دھونی ہوں تو بھول کر بھی نہ کریں یہ کام,cricket
"باکسنگ ڈے ٹیسٹ میں پاکستانی ٹیم کے ہیڈکوچ مکی آرتھر نے کردی "" بڑی غلطی ""، ہوگئی یہ سخت کارروائی",cricket
پاکستان دبئی ٹیسٹ میں آسٹریلیا کو دے سکتا تھا پٹخنی ، اگر کپتان سرفراز نے کوچ مکی آرتھر کی مان لی ہوتی یہ بات,cricket
کامیابی کو شخصیت پر حاوی نہیں ہونے دیا:دیپیکا پاڈوکون,entertainment
اترپردیش : تین دنوں تک کلینک میں بند کرکے 13 سالہ بچی کی آبروریزی کرتا رہا ڈاکٹر ! ، گرفتار,crime
سیکریڈ گیمس کے بعد رادھیکا آپٹے نے لیا ایسا بولڈ انداز ، مداحوں کی اڑ گئی نیند,entertainment
"مشکل میں ""زیرو "" ، مذہبی جذبات کو ٹھیس پہنچانے کے معاملہ میں شاہ رخ خان کے خلاف کیس درج",entertainment
بنگلہ دیش کے اس کرکٹر نے 16 سال کی عمر میں کی تھی شادی ، اب لگا جہیز کیلئے استحصال کا الزام,cricket
میڈم تساد میوزیم میں لگا سنی لیونی کا پتلا ، اس میں آئے گی ایک خاص خوشبو,entertainment
طلاق کی خبروں کے درمیان آئی پرینکا اور نک کی ایسی تصویر، ٹرولرس کو ملا جواب,entertainment
ایشیا کپ 2018: وسیم اکرم نے ہندستان جبکہ گواسکر نے پاکستان کو فیورٹ قرار دیا,cricket
بھگوان مت بنو: سنیل گروور نے کپِل شرما سے کہا,entertainment
سری دیوی کی اچانک موت پر سبرامنیم سوامی نے دیا یہ چونکانے والا بیان,entertainment
اکشے کمار نے پٹرول کی قیمت میں اضافہ پر تنقید کرنے والا اپنا چھ سال پرانا ٹویٹ کیا ڈیلیٹ,entertainment
سڈنی ٹسٹ: چوتھے دن بارش کی رکاوٹ کے درمیان ٹیم انڈیا نے لکھ دیا آسٹریلیا کی شکست کا 'اسکرین پلے'۔,cricket
کپل شرما اور گنی چترتھ 12 دسمبر کو کریں گے شادی، سامنے آیا شادی کا کارڈ,entertainment
آسٹریلیا کے خلاف چوتھے ون ڈے سے پہلے پاکستان کو لگا جھٹکا، یہ دو بڑا بلے باز ہوا باہر,cricket
سالگرہ مبارک: 15 مرتبہ جب شاہ رخ خان نے ثابت کیا کہ ان سے بہتر کوئی حاضر جواب نہیں اور وہی ہیں بالی ووڈ کے اصلی کنگ خان,entertainment
آئٹم گانے کا مطلب پتہ نہیں: زرین خان,entertainment
بوسان فلم فیسٹیول میں فلم بجرنگی بھائی جان کاجلوہ,entertainment
سلمان خان کے ساتھ اپنے خاص رشتے کو لیکر کٹرینہ کیف نے کہہ دی اپنے دل کی بات,entertainment
بیٹی سہانا کی 18 ویں سال گرہ پر شاہ رخ خان نے جذباتی پیغام لکھ کر دی مبارکباد,entertainment
سنچری سے چوکنے کے باوجود وراٹ کوہلی نے رقم کی نئی تاریخ ، یہ کارنامہ انجام دینے والے بنے پہلے کرکٹر,cricket
مصباح الحق کو اس معاملہ میں پیچھے چھوڑنے سے بال بال چوک گیا پاکستان کا یہ بڑا کھلاڑی,cricket
ناتھن لائن نے پوچھا سوال : چتیشور پجارا کیا تم بور نہیں ہوتے ، جانئے پھر اس بلے بازی نے کیا کیا ؟ ,cricket
شادی کے جوڑے میں تھیں سپنا چودھری جب آئی بھائی کی شہادت کی خبر! دیکھیں یہ جذباتی ویڈیو,entertainment
سلمان خان کی فلم 'بھارت' کے ٹیزر کی پہلی جھلک آئی سامنے، دیکھیں ویڈیو,entertainment
پونم پانڈے نے پار کی بولڈنیس کی ساری حدیں ، شیئر کی ٹاپ لیس ویڈیو ، دیکھ کر اڑ جائیں گے آپ کے ہوش,entertainment
دھونی اورجادھوکی شانداراننگ کی بدولت ٹیم انڈیا نے تاریخ رقم کردی، آسٹریلیا میں پہلی بارونڈے سیریزپرقبضہ,cricket
شاہد آفریدی کا دھماکہ ، 17 گیندوں میں بنا ڈالے 59 رن ، لگائے 7 چھکے ، اس پاکستانی گیند باز کی جم کر کی دھنائی,cricket
مکھیا نے دوستوں کے ساتھ مل کر نابالغ لڑکی کو اغوا کیا ، پھرجبرا شراب پلاکر کی اجتماعی آبروریزی ، گرفتار,crime
رنبیر اور عالیہ کی شادی کو لے کر والد مہیش بھٹ نے دیا بڑا بیان ، کہی یہ بات,entertainment
اداکار نواز الدین صدیقی نے اپنی کتاب واپس لینے کا کیا اعلان ، مانگی معافی ، پڑھیں کیا ہے پورا معاملہ ؟,entertainment
سری دیوی کی آن اسکرین بہن سجاتا کو ہوا کینسر، جسم کے کئی حصوں نے کام کرنا بند کر دیا,entertainment
تشارا پریرا نے کھیلی طوفانی اننگز ، لگائے ریکارڈ 13 چھکے ، پھر بھی ہار گئی سری لنکائی ٹیم,cricket
میرے پاپا چاہتے ہیں کہ میں اپنی مقبولیت کا صحیح استعمال کروں: عالیہ,entertainment
پاکستان کے خلاف تیسرے ون ڈے میں بھی چلا بلا ، مگر بڑا ریکارڈ بنانے سے بال بال چوک گیا یہ آسٹریلیائی کھلاڑی,cricket
حیرت انگیز واقعہ ! نو بال پر دو کھلاڑی ہوگئے رن آوٹ ، جانئے کیسے ہوا یہ کمال,cricket
پریا پرکاش وارئیر کے خلاف مقدموں پر سپریم کورٹ کی روک,entertainment
گندے فوٹو اور فحش کمینٹس سے پریشان ایف آئی آر اداکارہ کویتا کوشک نے چھوڑی فیس بک,entertainment
ریو اولمپکس : ہر ہندوستانی کھلاڑی کو ایک لاکھ روپے کا انعام دیں گے سلمان خان,entertainment
اس گیند باز کے خون میں ہے کرکٹ ، صرف 8 گیندوں میں اڑائے ٹیم انڈیا کے تین وکٹ,cricket
ان دنوں بیڈمنٹن سیکھ رہی ہیں شردھا کپور، کہا پیار و محبت کے لئے نہیں ہے وقت,entertainment
! ایم ایم ایس معاملے کے بعد اس اداکارہ نے اتاری تھی اداکار کی پینٹ، ویٹر سے کر دی تھی سیکس کی ڈیمانڈ,entertainment
ختم ہوا انتظار، دوستانہ کے سیکوئل میں نظر آئے گی یہ بےحد خوبصورت اداکارہ,entertainment
فن کاروں میں پہلے کی طرح شائستگی اور احسان کا جذبہ نہیں : امیتابھ,entertainment
وسیم اکرم کے نام آئی سی سی کا ٹویٹر پر پیغام تہنیت,cricket
راجستھان : گینگسٹر لارینس وشنوئی نے بالی ووڈ اداکار سلمان خان کو جان سے مارنے کی دی دھمکی,entertainment
آئی پی ایل سٹہ بازی: ارباز کے بعد اب ساجد خان پھنسے،بوکی نے کھولا راز,entertainment
امیتابھ بچن کے بغیر نہیں بن سکتی تھی فلم ’بدلہ‘ : سجوئے گھوش,entertainment
نیم برہنہ حالت میں ملی لڑکی کی لاش، ریپ کے بعد کیا گیا نابالغہ کا قتل,crime
فلم ’سون چڑیا‘میں کیا منوج واجپئی کا کردار ڈاکو مان سنگھ سے متاثر ہے؟,entertainment
کٹرینہ کیف کو بھگا کر لے جانے والے ہیں سلمان خان ، کیاکریں گی یولیا ؟ ,entertainment
انسانیت شرمسار ، بلند شہر میں 7 اور 5 سال کی دو معصوم بہنوں کی آبروریزی,crime
"بالی ووڈ اسٹار عامر خان کے ساتھ افیئر کی خبروں نے کیا "" دنگل گرل "" کو پریشان !۔",entertainment
بنگلہ دیشی آل راونڈر شکیب الحسن نے اپنے نام کیا یہ نیا عالمی ریکارڈ ، بوتھم کو چھوڑا پیچھے,cricket
آسٹریلیا کے دو کھلاڑیوں نے بارتھ روم میں کھینچی تصویر ، پوری دنیا بنا رہی ہے مذاق,cricket
میگا اسٹار امیتابھ بچن نے ملائم پر بن رہی فلم سے کنارہ کشی اختیار کی,entertainment
ورن دھون فلم کے لئے 32 کروڑ روپے فیس لیں گے,entertainment
وائرل: ایوارڈ شو میں رنویر سنگھ نے دیپیکا کو کیا کس تو رنبیر کو لگایا گلے، دیکھیں ویڈیو,entertainment
پیراگوئے میں فائرنگ میں چار افراد ہلاک، 11 زخمی,crime
نیوزی لینڈ کے خلاف ٹی 20 میچ سے قبل پاکستانی کپتان سرفراز احمد نے دیا بڑا بیان ، کہا : سنبھل کر رہنا ہوگا,cricket
ورلڈ کپ سے پہلے اس ٹیم کے کپتان کو پولیس نے کیا گرفتار ، لگ سکتی ہے پابندی ! ۔,cricket
ممبئی : سوشل میڈیا کی دوستی کا دردناک انجام ، جنسی تعلقات سے انکارپر 20 سالہ لڑکی کا بے رحمانہ قتل,crime
اترپردیش میں ایک شخص نے بیوی اور 3 بیٹیوں کوزندہ جلایا,crime
وراٹ کوہلی نے رلیز کیا اپنی فلم ’ٹریلر: دی مووی‘ کا ٹیزر، یہاں دیکھیئے,cricket
جب کرن جوہر نے پہلی مرتبہ اپنی جنسیت پر کھل کر کی تھی بات,entertainment
"مدھیہ پردیش میں بین ہوسکتی ہے فلم "" دی ایکسیڈینٹل پرائم منسٹر"" ، کانگریس نے کہا : ریلیز سے پہلے ہمیں دکھائیں ",entertainment
لو سیکس اور دھوکہ : ان کے بیڈ روم سے ہو رہے تھے کنڈوم غائب ، سچ سامنے آیا تو ... ۔,crime
جو آج تک کوئی ہندوستانی کپتان نہ کرسکا کیا وہ کرسکیں گے وراٹ کوہلی؟,cricket
راج گھرانے سے تعلق رکھنے والی اس اداکارہ کے نام کی حقیقت جانتے ہیں کیا آپ؟,entertainment
کشمیر سے متعلق متنازع بیان دینے پر گمبھیر کے بعد اب کوہلی ، رینا اور کپل دیو نے شاہد آفریدی کی لی کلاس,cricket
"سیف علی خان کی بیٹی سارا علی خان کی فلم "" کیدار ناتھ "" مشکل میں ، لو جہاد کی حمایت کا لگا الزام !۔",entertainment
دل والوں کی کہانی ہے دلوالے,entertainment
اٹل بہاری واجپئی نے اس طرح کی تھی پاکستان کرکٹ بورڈ کی امداد,cricket
شوٹنگ کے پہلے دن ہی فلم کے ہٹ یا فلاپ کا پتہ چل جاتا ہے: اجے دیوگن,entertainment
شاہ رخ خان کو ریکھا کے ہاتھوں ملا چوتھا یش چوپڑا میموریل ایوارڈ,entertainment
!کون ہے یہ پاکستانی جس کا خواب ہے بس سلمان خان سے ملنا,entertainment
کینسر کے دوران کبھی مایوس نہیں ہوئی: لیزا,entertainment
جنوبی افریقہ میں سیف اور کرینہ کے ساتھ کچھ اس انداز میں اپنی سالگرہ منا رہے ہیں تیمور علی خان، تصاویر وائرل,entertainment
امیتابھ بچن کاٹوئٹرپران کے فالوورز کوگھٹانے کا الزام،ابھی تک کے سفر کےلئے ٹوئٹر کو کہا شکریہ,entertainment
دنیا کے پانچ طوفانی بلے بازوں نے لگائے ہیں بین الاقوامی کرکٹ میں ایک اوورمیں 6 چھکے,cricket
سونم اور نیہا کے بعد اب ہمیش ریشمیا نے سونیا کپور کے ساتھ لئے سات پھیرے ، شیئر کی تصویریں,entertainment
"ونیتا نندا کے الزام پرآلوک ناتھ کا جواب ""میں نے نہیں کسی اورنے کی ہوگی آبروریزی""۔",entertainment
میرٹھ میں دو سگے بھائیوں نے چار سالوں تک اپنی ہی بہن کی آبروریزی کی ، گرفتار,crime
قادر خان کے بعد متھن چکرورتی کی صحت بگڑی، لاس اینجلس کے اسپتال میں داخل,entertainment
تاریخی جیت کے بعد جذباتی ہوئے وراٹ کوہلی ، کہا : ورلڈ کپ جیتنے کے بعد بھی نہیں ہوئی ایسی خوشی !۔,cricket
فیس بک پر اپنی ہی بھانجی کی بنائی فرضی آئی ڈی اور وائرل کردیں فرضی فحش تصویریں ، گرفتار,crime
معروف ادکار ونود کھنہ کی آخری رسومات ادا ، بالی ووڈ نے نم آنکھوں کے ساتھ کہا الوداع,entertainment
فلائٹ میں 65 سال کے شخص نے خاتون کا کیا جنسی استحصال، مگر ضمانت,crime
آٹھ ماہ کی بچی کی لاش ملنے سے اندور میں سنسنی، عصمت دری کے بعد قتل کا خدشہ,crime
جڈیجہ کا بڑا بیان ، آئی سی سی ورلڈ کپ 2019 میں وراٹ کوہلی نہیں دھونی کریں کپتانی,cricket
ویلنٹائن ڈے پر نابالغ لڑکی کو بہلا پھسلاکر لے گیا سنسان جگہ ، پھر کی اجتماعی آبروریزی ، گرفتار,crime
اداکارہ کنگنا نے کھولے بالی ووڈ کے کئی راز، ان اداکاروں پر لگایا جنسی استحصال کا الزام,entertainment
نوازالدين صدیقی پر خاتون نے لگایا چھیڑ چھاڑ کا الزام ، کیس درج,entertainment
سلمان خان ہو گئے بیہوش جب کٹرینہ کو اس اداکار نے کر دیا شادی کے لئے پرپوز,entertainment
ٹی وی کے ایگزیکٹو پروڈیوسرکو اداکارہ سےعصمت دری کےمعاملہ میں 7 سال کی قید,entertainment
پہلے ونڈے سیریز پھرٹی -20 اوراب آئی پی ایل، ہرجگہ ناکام ہورہے ہیں کوہلی,cricket
ٹی وی کی سب سے سیکسی بولڈ ادکارہ نے ایک بار پھر نارنگی بکنی پہن کر ہاٹ انداز سے لگا دی آگ,entertainment
پیروں کی ویکسنگ نہ کرانے پر اسکول میں ٹرول ہوتی تھیں اداکارہ سنی لیونی,entertainment
جودھپورعدالت سے سلمان خان کو غیر ممالک جانے کی اجازت، لیکن رکھی یہ شرطیں,entertainment
شاہد آفریدی کی صفائی – میرے بیان کو ہندوستانی میڈیا نے غلط طریقہ سے پیش کیا,cricket
مائیکل کلارک نے کوہلی کو بتایا ون ڈے کا آل ٹائم سب سے بہترین بلے باز ، دھونی کیلئے کہی یہ بڑی بات,cricket
ہولی پر اداکارہ کی کار پر شرابیوں کا حملہ ، لوگوں نے نہیں کی مدد تو خود ہی چپل سے کرنے لگی پٹائی,entertainment
بیٹی کے ساتھ برہنہ تصویر کی وجہ سے ٹرول ہوئیں سنی لیونی,entertainment
کیا سلمان نے ابھی تک نہیں کیا پرینکا کو معاف؟ ہاتھ سے نکلی یہ بڑی فلم,entertainment
ثانیہ مرزا کے بیٹے کی پیدائش کی خبروں کی شعیب ملک نے کی تردید، سوشل میڈیا پرپاکستانی کھلاڑی نے کہی یہ بات,cricket
افغانستان کے خلاف میچ میں کے ایل راہل نے کی بڑی غلطی ، دھونی کو بھگتنا پڑا خمیازہ ، اب ہورہا ہے پچھتاوا,cricket
فلم پریم رتن دھن پايو کا پوسٹر جاری ، رومانٹک انداز میں نظر آئے سلمان,entertainment
جنوبی افریقہ کے خلاف باکسنگ ڈے ٹیسٹ میں پاکستانی بلے بازوں کا ہوگا کڑا امتحان ، یہ ہوسکتی ہے پلیئنگ الیون,cricket
شاہد آفریدی نہیں بلکہ یہ غیر ملکی کھلاڑی ہے پاکستانی کرکٹ شائقین کی پہلی پسند !۔,cricket
خدا بخش لائبریری کی حالت انتہائی خستہ ، اردو جرنلسٹ فورم نے کھولا محاذ,entertainment
پھر نظر آئی شاہ رخ اور سلمان کی دوستی ، سوشل میڈیا پر تصویر وائرل,entertainment
"جس بات کیلئے ""بدنام "" ہوگئے وراٹ کوہلی ، اسی کا مزہ لے رہا ہے یہ آسٹریلیائی کھلاڑی",cricket
ویڈیو میں بندر کے پرائیویٹ پارٹ سے کھیلتی دیکھی خاتون، تین سال کی سزا,crime
لڑکے نے گرل فرینڈ کی ایسی شرمناک تصویریں کی وائرل اور سیکس ویڈیو بھی پوسٹ کرنے کی دی دھمکی,crime
آئی پی ایل:وراٹ کوہلی پر 12 لاکھ روپئے کا جرمانہ،جانیں کیا ہے معاملہ,cricket
......امیتابھ بچن نے کیا انکشاف ، کے بی سی کے دوران ہو چکی ہے یہ خطرناک بیماری,entertainment
غازی آباد میں انجینئرنگ کالج کے ڈائریکٹر پر دست درازی کا معاملہ درج,crime
کیدار جادھو کی گیند پر امپائر نے نہیں دیا آوٹ ، پھر دھونی نے کیا یہ کام اور پلٹ گئی پوری بازی,cricket
"آرایس ایس کے ذریعہ ""سنجو"" کی تنقید کئے جانے پر پریہ دت نے جواب دیتے ہوئےکہا ""میرا بھائی رول ماڈل ہے""۔",entertainment
بی جے پی رکن اسمبلی پریم لتا کا متنازعہ بیان: ریپ کے لئے بے روزگار بچے ذمہ دار,crime
سارہ خان کی بہن سے ہوئی لڑائی، غصہ میں چھوڑ دیا گھر،اب روتے ہوئے شیئر کیا ویڈیو,entertainment
یوٹیوب پر للی سنگھ کا نیا ویڈیو وائرل، بائے سیکشوئل ہونے کا کر چکی ہیں انکشاف,entertainment
ہندوستان سے شکست کے بعد کرکٹ آسٹریلیا نے لیا بڑا فیصلہ ، ان چار کھلاڑیوں کو کیا باہر,cricket
تیسرے ٹیسٹ سے قبل پاکستانی ٹیم میں اختلافات ، کپتان سرفراز کی اس بات سے ناراض ہوئے تیز گیند باز,cricket
آکاشوانی نے امیتابھ کی آواز کو مسترد کردیا تھا,entertainment
سلمان خان کے بھانجے کو کہا 'پولیو کا شکار'، سوشل میڈیا پر آئی ٹرولرس کی شامت,entertainment
صرف دومیچ کے بعد نیوزی لینڈ سے واپس آجائیں گےکوہلی، روہت شرما کریں گےکپتانی,cricket
وی وی ایس لکشمن نے کہا : ایشیا کپ میں ٹیم انڈیا پر بھاڑی پر سکتا ہے یہ پاکستانی کھلاڑی,cricket
آخری اوور میں 4 رن سے شکست کھا گئی ٹیم انڈیا ، یہ رہا میچ کا ٹرننگ پوائنٹ,cricket
تجربہ کار پاکستانی بلے باز شعیب ملک نے عبور کیا ایک اور سنگ میل ، روہت شرما سے نکلے آگے,cricket
بیٹے سرفراز نے قادر خان سے وابستہ ایک بڑا راز کھولا ، جان کر چاہنے والوں کی آنکھیں ہوجائیں گی نم,entertainment
رنبیر کو لمبی ریس کا گھوڑا مانتی ہیں انوشکا شرما,entertainment
پہلی بار دیپیکا کے ساتھ گھر سے باہر نکلے رنویر سنگھ، ویڈیو,entertainment
"انکشاف : ""آسٹریلیا جانے سے پہلے دھونی نے کہا تھا کہ میں کرکٹ چھوڑ دوں گا""۔",cricket
کامیڈین بھارتی اور ان کے شوہر کو ہوئی یہ خطرناک بیماری، اسپتال میں داخل,entertainment
شیام بینیگل کی فلم میں نظر آ سکتے ہیں فواد خان,entertainment
جنسی تعلقات قائم کرنے سے انکار کیا تو خاتون نے چمٹے سے جلادیا 13 سال کے بچے کا پرائیویٹ پارٹ,crime
آسٹریلیا کی ٹی 20 ٹیم میں لوٹے یہ تین بڑے کھلاڑی ، پاکستانی ٹیم کے اڑے ہوش !۔,cricket
پھر نیوڈ فوٹو شوٹ سے سرخیوں میں آئیں یہ سپر ماڈل،باتھ ٹب میں پزا کھاتے ہوئے کھنچوائی تصویر,entertainment
امیتابھ بچن نے کہا : صحیح بول رہے ہیں کاٹجو، میرا دماغ خالی ہے,entertainment
مداح نے کی سیلفی لینے کی کوشش تو سونو نگم نے مروڑ دیا ہاتھ، ویڈیو زبردست وائرل,entertainment
بیس سال چھوٹے لڑکے سے تھے ناجائز تعلقات، شوہر کو مارکر کھیت میں دفنایا,crime
جانئے آخر کیوں بوسے کے مناظر نہیں کرنا چاہتی ہیں سوناکشی ؟,entertainment
"اب "" ٹوائلیٹ 2 "" لے کر آئیں گے اکشے کمار ، شیئر کیا یہ ویڈیو",entertainment
کرن جوہر کی حمایت میں آئے مہیش بھٹ ، پاکستانی فنکاروں کی بھی کی وکالت,entertainment
کامران اکمل کا وہاب ریاض کوعالمی کپ میں آزمانے کا مشورہ,cricket
آئی سی سی کی نئی ٹسٹ رینکنگ: ہندوستان کی پہلی پوزیشن برقرار، پاکستان کےمحمدعباس نے کردیا زبردست کمال,cricket
اردو شاعری کے ذریعہ بالی ووڈ میں اپنی شناخت قائم کر رہے ہیں اے ایم طوراز,entertainment
سیکس پاور کی دوائیں کھاکرشوہرکرتا تھا ریپ ، برداشت کی حد ٹوٹ گئی تو بیوی نے اٹھایا یہ قدم,crime
"بلے باز کو سنچری سے روکنے کیلئے گیند باز نے کی "" شرمناک حرکت "" ، 9 میچوں کی پابندی عائد",cricket
پرینکا چوپڑا کو بالی ووڈ سے ہی سب سے بڑی ملی مداح ، جانئے کون ہے وہ,entertainment
نوئیڈا کے جی آئی پی مال کے پاس دن دہاڑے 20 لاکھ کی لوٹ,crime
ایشیاکپ 2018: پاکستان کا خواب چکنا چور، سرفراز کی ٹیم کو 37 رنوں سے شکست دے کر فائنل میں پہنچا بنگلہ دیش,cricket
پاکستان اور نیوزی لینڈ کے درمیان پہلا ون ڈے مقابلہ آج ، سرفراز الیون کے سامنے یہ ہے سب سے بڑا چیلنج,cricket
توعامر خان ایوارڈ تقریب میں اس لئے نہیں کرتے ہیں شرکت؟,entertainment
زبردستی شراب پلا کر دلت نابالغ لڑکی کی اجتماعی آبروریزی ، کیس درج,crime
...سلمان خان کا جب پورا خاندان آیا ایک ساتھ تو سلیم خان نے کھولا یہ بڑا راز,entertainment
پڑھئے : سنجے دت کی جیل سے رہائی پر کس نے کیا کہا,entertainment
"وراٹ کوہلی اور روی شاستری نے کردی بڑی ""غلطی "" ، تیز گیند باز جسپریت بمبرہ نے دیا بڑا بیان !۔",cricket
پریا پرکاش کی آنکھوں کا جادو پھر کر گیا مداحوں کو بے قابو,entertainment
اپنی بات کہنے اور بھیڑ سے الگ ہونے سے خوف زدہ نہیں ہونا چاہیے : ہما قریشی,entertainment
فلسطین سے اظہار یکجہتی کیلئے معروف گلوکارہ شکیرا کا اسرائیل میں پرفارم کرنے سے انکار ؟ ,entertainment
"سیاہ ہرن شکار کیس:""ٹائیگر""کو ملے گی ضمانت ؟ فیصلہ آج:جیل میں آسا رام نے سلمان کو آفر کیا ٹفن",entertainment
30 سال پہلے 8 سالہ بچی کی عصمت دری کے بعد کیا تھا قتل,crime
ٹھگس آف ہندوستان کے اس گانے میں زخمی ہو گئی تھیں کٹرینہ کیف، خود کیا انکشاف,entertainment
مقبول عام 23 سالہ ہریانوی لوک گلوکارہ ہرشیتا دہیا کا گولی مار کر قتل,entertainment
پاکستان کے اس بڑے کھلاڑی نے ٹک ٹاک پر بنایا ویڈیو، اب ہو رہا ہے شرمسار!۔,cricket
اداکارہ سورا بھاسکر نے کیا انکشاف ، کہا : ڈائریکٹر نے جنسی طور پر کیا ہراساں ، سمجھنے میں لگ گئے 8 سال,entertainment
آئی پی ایل: مسلسل 7 ویں مرتبہ آئی پی ایل کا پہلا میچ ہاری ممبئی انڈینس، دہلی نے 37 رنوں سے دی شکست,cricket
سوشل میڈیا یوزرس کو نہیں ہضم ہوا پرینکا ۔ نک کا پیار، کمینٹ کرکے یہ تک کہہ ڈالا,entertainment
ممبئی میں پیدا ہوئے اس گیند باز نے پاکستان کے منہ سے چھین لی جیت ، سرفراز احمد کو بھی کرنا پڑا اعتراف,cricket
پاکستانی بلے باز نے ون ڈے میں لگایا رنوں کا انبار، لگائی طوفانی دوہری سینچری,cricket
"ایڈیلیڈ ٹیسٹ جیتنے کے بعد کوچ روی شاستری نے لائیو شو میں کی "" گندی بات ""، مداحوں نے اڑایا مذاق !۔",cricket
پھر وائرل ہوا سپنا چودھری کا ڈانس ویڈیو، اس مرتبہ بدلہ انداز میں آئیں نظر,entertainment
اس کھلاڑی نے رقم کی نئی تاریخ ، صرف 132 گیندوں پر بنائی ڈبل سنچری ، سچن ، سہواگ سب کو چھوڑا پیچھے,cricket
امریکہ میں برقع پوش مسلم خاتون کو جلا دینے کی دھمکی، پولیس معاملہ کی جانچ میں مصروف,crime
امیتابھ بچن کا ٹوئیٹر اکاونٹ ہوا ہیک، سیکس سائٹس کی گئی پلانٹ,entertainment
بالی ووڈ اداکار ونود کھنہ اب اس دنیا میں نہیں رہے، دیکھیں خاص تصویریں,entertainment
عرفان خان جلد لوٹیں گے ہندوستان، شروع ہو گی اس فلم کی شوٹنگ,entertainment
"آئی سی سی نے بی سی سی آئی کو دی وارننگ، کہا ""160 کروڑ دو یا 2023 ورلڈ کپ کو بھول جاؤ",cricket
میچ کے دوران ہرمن پریت کور نے بے ہوش بچی کو گود میں اٹھایا ، جیت لیا سب کا دل,cricket
بنگلورو کے سرکاری اسپتال کے آئی سی یو سے بچہ چوری,crime
گریٹر نوئیڈا اجتماعی عصمت دری معاملے میں تین افراد گرفتار,crime
آئی پی ایل: دہلی کیپٹلس بمقابلہ سن رائزرس حیدرآباد، دہلی اپنے ہی گھر میں پست، حیدرآباد نے 5 وکٹ سے ماری بازی,cricket
فحش ویڈیو بناکر شادی شدہ معشوقہ کو بلایا اپنے گھر اورپھر طمنچہ کی نوک پر دوستوں کے ساتھ مل کر کی اجتماعی آبروریزی,crime
ہالی ووڈ اداکارہ نے تانی ٹوائے گن تو پولیس نے مار دی گولی، اداکارہ کی موت,entertainment
پنجابی پاپ اسٹار جیسمین سینڈلس کے شو میں زبردست ہنگامہ، مائک پر دی گالیاں، ویڈیو وائرل,entertainment
فلم فیئر ایوارڈ میں دنگل کا جلوہ، عامرخان کو بہتر ین اداکار کا ایوارڈ,entertainment
!رنبیر کپور نے دیا دیپیکا اور رنویر سنگھ کو چیلنج,entertainment
اس اداکارہ کی بیٹی نے کرایا ایسا فوٹو شوٹ اڑا دئے سب کے ہوش، تصویریں انٹرنیٹ پر وائرل,entertainment
دیکھیں : بال ٹیمپرنگ معاملہ میں کرکٹ کھیلنے پر پابندی عائد ہونے کے بعد اب کیا کررہے ہیں ڈیوڈ وارنر,cricket
!باہوبلی کو ایک بڑی غلطی نے کرایا ہٹ؟ یہ غلطی نہ ہوتی تو کیا کہانی کا پلاٹ کچھ اور ہی ہوتا,entertainment
رنبیر-عالیہ کے ریلیشن شپ پر بہن ریدیما نے دیا بڑا بیان، کہی یہ بات,entertainment
سرفرازاحمد مسلسل ناقص کارکردگی کے بعد کپتانی چھوڑنے کے لئے تیار,cricket
دلت طالبہ کی اجتماعی عصمت دری : ملزمین کے خلاف سخت کارروائی کا خواتین تنظیموں نے کیا مطالبہ,crime
! ویڈیو: کارتک آرین کا حیرت انگیز انکشاف، چاہتے ہیں کٹرینہ کیف سے بچا,entertainment
آئی پی ایل 2018 : ریشبھ پنت کی طوفانی سنچری رائیگاں ، سن رائزرس سے ہار کر دہلی ڈیر ڈیولس باہر,cricket
سونالی بیندرے کے علاوہ ان بالی ووڈ اسٹارس کو ہو چکا ہے کینسر,entertainment
بریسٹ کینسر سے متاثر بہن کے لئے یوم پیدائش پر نوازالدین صدیقی نے لکھی جذباتی پوسٹ ، پڑھیں,entertainment
جنوبی افریقہ کے خلاف پہلے ٹیسٹ سے قبل پاکستانی ٹیم کو لگا زوردار جھٹکا ، یہ بڑا گیند باز ہوا باہر,cricket
بالی ووڈ ستاروں کا فادرس ڈے اسپیشل,entertainment
سہواگ کے بعد کسی اور اوپنر کو جارحانہ انداز سے بیٹنگ کرتے نہیں دیکھا:آفریدی,cricket
ایم ایس دھونی کے نام ہوا ایک اور بڑا ریکارڈ ، سچن تیندولکر اور روہت شرما کو چھوڑا پیچھے,cricket
لاؤڈاسپیکر سے اذان کا معاملہ پھر گرمایا ، جاوید اختر نے کی سونونگم کی حمایت ، کہی یہ بات ؟ ، چوطرفہ تنقید,entertainment
فخرزمان کے بعد امام الحق نے بھی بنا دیا یہ ریکارڈ,cricket
دیکھیں : پاکستان میں ہندوستان کے کن مشہور سیریلوں پر عائد کردی گئی پابندی,entertainment
شاہ رخ نے ٹوئٹر پر کی من کی بات، کہا :بہت عام زندگی ہے میری,entertainment
ہندوستانی گیند بازوں کے سامنے نہیں ٹک سکے کنگارو، آسٹریلیا نے دیا 231 رنوں کا ہدف,cricket
آئی پی ایل 2018 میں گوتم گمبھیر کی ہوئی توہین، دہلی کے کوچ رکی پونٹنگ نے جان بوجھ کر نہیں دیا موقع,cricket
آئی پی ایل 2018 : 129 رن پر ہی آل آوٹ ہوئی دہلی ، 71 رنوں سے جیتی کولکاتہ نائٹ رائیڈر,cricket
ملالہ یوسف زئی سے ملنے کے لئے شاہ رخ خان نے کہی اتنی بڑی بات، یہ رہا ثبوت,entertainment
بالیکا ودھو لمکا بک آف ریكارڈز میں شامل,entertainment
پدم وبھوشن ایوارڈ سے نوازے گئے دلیپ کمار، جذباتی ہوئیں سائرہ بانو,entertainment
لفٹ دینے کے بہانے کار میں بیٹھایا ، پھر نشیلی چیز پلا کر 26 سالہ شادی شدہ خاتون کی اجتماعی آبروریزی,crime
سلمان خان نے کیوں چلائی 10 کلومیٹر تک سائیکل، دیکھیں ویڈیو,entertainment
ساؤتھ کے اس سپر اسٹار سے ہوا تھا تبو کو پیار، آج تک نہیں کی شادی,entertainment
راج کوٹ ٹیسٹ : جیب میں پانی کی بوتل رکھ کر پجارا اور پرتھوی شا نے کی بلے بازی ، جانیں کیا تھی وجہ ؟,cricket
رشبھ پنت میں بہترین کھلاڑی بننے کی صلاحیت: سوربھ گانگولی,cricket
آئی پی ایل 2019 : ممبئی انڈینس نے کوچ کو ہی کھلاڑی بناکر خریدا ، جانیں کیا ہے اس کی وجہ,cricket
تو اس لئے خود سے 10 سال بڑی پرینکا چوپڑا سے پیار کرتے ہیں نک جونس,entertainment
ہر کردار کو مہارت کے ساتھ ادا کرتے ہیں عامر خان,entertainment
پلٹن ٹریلر: جے پی دتا کی 12 سال بعد ہوئی واپسی، رونگٹے کھڑے کر دیگا یہ ٹریلر,entertainment
ایوشمان کی اہلیہ طاہرہ کو دوبارہ ہوا کینسر، سوشل میڈیا پر لکھا جذباتی خط,entertainment
ملائکہ اروڑہ کے چکر میں پاپا کی جائیداد سے بے دخل ہوئے ارجن کپور! جانیں کیا ہے معاملہ,entertainment
اس ٹی وی ادکارہ نے کی دوسری شادی، سوناکشی کے بوائے فرینڈ سے ہوئی تھی پہلی شادی,entertainment
اسٹار کا بچہ ہے تو گاڑی تیز چلاتا ہوگا: شاہ رخ خان,entertainment
خاتون کی اجتماعی آبروریزی کے چار ملزموں کو 20 ، 20 سال قید کی سزا,crime
مادھوری دکشت فلم سازی کے میدان میں رکھیں گی قدم,entertainment
موسیقی کی دیوی ہیں لتا منگیشکر,entertainment
میکسیکو میں منشیات کا دھندا کرنے والے گروہوں کی فائرنگ میں 30 افراد ہلاک,crime
آئی پی ایل 2019 : کیا اس مرتبہ ٹوٹ پائیں گے کرس گیل کے یہ پانچ بڑے ریکارڈز ؟,cricket
جانئے : اکشے کی فلم ایئرلفٹ نے 5 دنوں میں کتنی کمائی کی,entertainment
خون سے خط لکھتی تھیں لڑکیاں، تصویر سے کرتی تھیں شادی، ایسی تھی راجیش کھنہ کے لئے دیوانگی,entertainment
! خاتون کے ساتھ جنسی تعلقات بنا رہا تھا بزرگ، اچانک نکلا کیمرا اور گنوانی پڑی جان,crime
جانیں ، کتنی ہے کپل شرما اور ان کے ساتھیوں کی کمائی؟,entertainment
"سیف علی خان کا اعلان ، اگر ہے یہ ""چیز "" تو آپ بھی کرسکتے ہیں سارا علی خان سے شادی",entertainment
فلم ریلیز سے قبل ہی منوج باجپیئی کو مل گیا بیسٹ ایکٹر کا اوآرڈ، آج آئے گا ٹریلر,entertainment
ٹی وی کی سب سے حسین سیکسی اداکارہ نے سمندر کنارے بکھیرے جلوے ، ویڈیو وائرل,entertainment
ریتک روشن ایک بار پھر مچائیں گے دھوم,entertainment
نشہ کے عادی بدمعاشوں نے پوچھا : گانجا کہاں ملتا ہے ؟ دوکاندار نے نہیں بتایا تو ماردی گولی,crime
تین طلاق پر ٹویٹ سے سوشل میڈیا پر چھا گئی یہ بالی ووڈ اداکارہ,entertainment
"دھونی سے ملنے پہنچی ان کی ""خاص مداح"" ، ڈریسنگ روم سے باہر آکر دھونی نے لی سیلفی",cricket
"آسٹریلیا کے بعد نیوزی لینڈ کو وائٹ واش کرکے پاکستان نے اپنے نام کیا ٹی 20 کرکٹ کی تاریخ کا یہ ""بڑا اعزاز ""۔",cricket
